experiment_name,video_name,resolution,square_size,to_remove,alpha,bitrate,server_runtime,client_runtime,smoothing_factor,hnerv_ks,hnerv_enc_strds,hnerv_enc_dim,hnerv_fc_hw,hnerv_reduce,hnerv_lower_width,hnerv_dec_strds,hnerv_conv_type,hnerv_norm,hnerv_act,hnerv_workers,hnerv_batchSize,hnerv_epochs,hnerv_lr,hnerv_loss,hnerv_out_bias,hnerv_eval_freq,hnerv_quant_model_bit,hnerv_quant_embed_bit,propainter_neighbor_length,propainter_ref_stride,propainter_subvideo_length,propainter_mask_dilation,propainter_raft_iter,e2fgvi_step,e2fgvi_num_ref,e2fgvi_neighbor_stride,e2fgvi_savefps,mse_ori_mean,psnr_ori_mean,ssim_ori_mean,vmaf_ori_mean,lpips_ori_mean,mse_inp_mean,psnr_inp_mean,ssim_inp_mean,vmaf_inp_mean,lpips_inp_mean,empty
c9b41d1c9641ea68c823979077842048,horsejump-low,1280x704,64,10.0,0.0,1105000,4617,513,0.0,0_3_3,5 4 4 2 2,64_16,9_16,1.2,32,5 4 4 2 2,convnext pshuffel,none,relu,16,4,300,0.001,Fusion6,tanh,1,8,6,,,,,,5,-1,2,24,598.3023333333333,20.388333333333332,0.5779499999999999,7.142773466666667,0.04764454867690799,329.3608333333334,22.994666666666664,0.65915,17.546716600000003,0.03502079059059417,
ee41a445c5a6357a206985856557ccf0,longboard,1920x896,64,0.25,0.0,3085000,1011,688,0.5,0_3_3,5 4 4 2 2,64_16,9_16,1.2,32,5 4 4 2 2,convnext pshuffel,none,relu,16,2,30,0.01,Fusion6,tanh,1,8,6,,,,,,5,1,4,24,1105.2511538461538,17.83076923076923,0.7133269230769231,3.518813615384616,0.014611457174536359,600.0725,20.498846153846145,0.7306346153846153,4.408383615384615,0.014709975749540737,
eb71c141c034c9240070a7a1c0313a07,miami-surf,960x896,16,20.0,0.75,1396000,404,1095,0.25,,,,,,,,,,,,,,,,,,,,8,4,24,4,30,,,,,2.567714285714286,44.11414285714286,0.9833857142857143,83.2649978,5.6946519492026694e-05,34.50557142857143,32.81842857142857,0.9513857142857142,40.341172871428576,0.0006656994136781572,
afbb00379ab368223337da6439a01d5c,bear,1600x352,16,20.0,0.5,1105000,2724,1536,0.75,0_3_3,5 4 4 2 2,64_16,9_16,1.2,32,5 4 4 2 2,convnext pshuffel,none,relu,16,4,100,0.001,Fusion6,tanh,3,8,6,,,,,,5,1,2,24,202.52756097560973,25.112560975609757,0.6747439024390244,10.13712975609756,0.039902234086539645,303.5119512195122,23.44158536585366,0.6508780487804878,7.853172951219513,0.039443753750585876,
46d5155093c86a5d62819e2758a57645,drift-turn,960x352,16,10.0,0.5,697000,85,619,0.75,,,,,,,,,,,,,,,,,,,,8,2,24,2,3,,,,,24.29546875,34.7490625,0.9159375,92.48640295312501,0.0026322056530715997,102.47703125,28.25453125,0.8356718750000001,60.435934765625,0.008777150011155706,
c9ef6689a6458834b60e63094c988298,car-turn,960x896,16,20.0,0.25,1396000,939,608,0.25,0_3_3,5 4 4 2 2,64_16,9_16,1.2,32,5 4 4 2 2,convnext pshuffel,none,relu,16,4,100,0.001,Fusion6,tanh,10,8,6,16,4,24,0,3,,,,,88.5215,29.217624999999998,0.8221875000000001,33.5017473125,0.01482636897126208,167.08200000000002,25.960250000000002,0.7627124999999999,16.680754362500004,0.018824936822056722,
4e403adf32ad40b24d55c261506ddc38,lucia,960x352,16,0.5,0.25,422000,399,258,0.5,0_3_3,5 4 4 2 2,64_16,9_16,1.2,32,5 4 4 2 2,convnext pshuffel,none,relu,16,4,50,0.001,Fusion6,tanh,3,8,6,,,,,,5,-1,4,24,647.4094285714286,20.07257142857143,0.46267142857142857,4.120466899999999,0.05176165210349215,622.0447142857142,20.240142857142857,0.46355714285714283,4.299579214285714,0.04910489948732508,
f71fd738c6ea5f2228262486dc85322d,bike-packing,1600x352,16,10.0,0.25,1239000,51,228,0.5,,,,,,,,,,,,,,,,,,,,8,2,48,2,10,,,,,18.576376811594205,35.5404347826087,0.9459275362318842,88.59292986956524,0.0020806441358560135,87.22333333333334,28.759130434782605,0.9012608695652173,63.91014369565217,0.011721976837008279,
e83b0e8f5563894bcd0e3e31a982a241,bmx-bumps,640x896,16,0.5,0.75,710000,58,237,0.75,,,,,,,,,,,,,,,,,,,,,,,,,10,1,4,24,22.41422222222222,35.81388888888889,0.9135333333333334,75.18203637777778,0.0034345404757105493,172.0408888888889,26.07966666666666,0.8220222222222222,25.616338888888887,0.010117485969789774,
07de1a5366087517d85ed817c0dd38a4,bear,1280x528,16,0.25,0.25,1239000,57,268,0.5,,,,,,,,,,,,,,,,,,,,,,,,,5,1,2,24,22.834024390243904,34.8259756097561,0.9368048780487807,87.95107965853657,0.0021627379670772747,193.95451219512194,25.33231707317073,0.7998048780487805,30.138902963414633,0.029814760427831096,
48dcd3a83a4fffef26ab5ae333a9e19c,lab-coat,640x528,16,10.0,0.75,629000,514,159,0.5,0_3_3,5 4 4 2 2,64_16,9_16,1.2,32,5 4 4 2 2,convnext pshuffel,none,relu,16,4,50,0.001,Fusion6,tanh,1,8,6,8,2,24,4,3,,,,,1146.5387234042553,17.804255319148936,0.6568723404255319,1.1269516382978724,0.049375535206908835,1635.0091489361698,16.032127659574467,0.6422553191489362,6.83204485106383,0.049563840348669785,
af03586408d4ae0d8069444c8b1bfc33,drift-turn,640x352,32,0.5,0.5,283000,1249,173,0.75,0_3_3,5 4 4 2 2,64_16,9_16,1.2,32,5 4 4 2 2,convnext pshuffel,none,relu,16,2,100,0.001,Fusion6,tanh,1,8,6,,,,,,10,1,4,24,1014.37828125,18.580937499999997,0.615890625,4.253815453125,0.03963421998196277,1056.99609375,18.338749999999997,0.6075,4.213590109375,0.04005532863084223,
ab89ac45bb07580c08c8f621bab77d99,miami-surf,640x896,32,0.5,0.75,710000,625,398,0.5,0_3_3,5 4 4 2 2,64_16,9_16,1.2,32,5 4 4 2 2,convnext pshuffel,none,relu,16,4,100,0.001,Fusion6,tanh,10,8,6,,,,,,10,-1,4,24,76.48014285714285,29.76257142857143,0.9235142857142857,0.0,0.0021637170891543084,118.09342857142859,27.624571428571432,0.9079571428571429,0.0,0.0023690325573884514,
2cd8863b814f60d0af06aa75c896cf09,drift-turn,1280x720,16,10.0,0.75,1939000,52,356,0.5,,,,,,,,,,,,,,,,,,,,16,2,24,4,30,,,,,18.135312499999998,35.83265625,0.93290625,89.95953885937499,0.001983721226679286,79.658125,29.255468750000002,0.866578125,59.466468265625,0.006903833807882567,
49f8de4a8f58a1ee1490278c05c2e238,loading,1280x704,32,10.0,0.75,1637000,808,479,0.25,0_3_3,5 4 4 2 2,64_16,9_16,1.2,32,5 4 4 2 2,convnext pshuffel,none,relu,16,2,75,0.001,Fusion6,tanh,3,8,6,,,,,,10,-1,4,24,297.4284,23.486,0.7628,14.615802019999999,0.03055692639201875,491.94539999999995,21.243000000000002,0.7277000000000001,4.91642446,0.035093663968145804,
0f4b36e8e8a39b087fa0d6190fddb9d6,bmx-bumps,1280x352,32,0.25,0.75,834000,53,300,0.5,,,,,,,,,,,,,,,,,,,,,,,,,5,-1,2,24,18.106777777777776,36.44877777777778,0.9344222222222223,88.72705122222223,0.002178317858811626,99.65277777777776,28.307222222222222,0.8661888888888888,46.92450474444444,0.0077896989526278415,
54e6c17f061d8a3e83fbca52b765fcc1,hockey,640x352,16,10.0,0.5,422000,37,117,0.25,,,,,,,,,,,,,,,,,,,,16,4,48,0,30,,,,,13.4808,36.876000000000005,0.9476399999999999,89.68932262666667,0.001596082464481344,94.64986666666668,28.399466666666672,0.8827466666666666,46.90465814666667,0.014380222819745494,
de85e6db18ab6f6b4652cdea0dd3c682,bus,1280x896,16,20.0,0.5,2062000,74,467,0.75,,,,,,,,,,,,,,,,,,,,,,,,,5,1,4,24,18.200125,35.6375,0.9199249999999999,87.633765425,0.003045666114485304,102.12925,28.121499999999997,0.849325,59.01500402500001,0.00886542474909215,
c62e15b82dbabc9d44c462281c3928b7,mallard-fly,960x512,32,0.25,0.75,928000,765,390,0.5,0_3_3,5 4 4 2 2,64_16,9_16,1.2,32,5 4 4 2 2,convnext pshuffel,none,relu,16,4,50,0.001,Fusion6,tanh,1,8,6,,,,,,5,1,2,24,348.64657142857146,22.84871428571429,0.6037142857142855,7.035091914285713,0.02516216350985421,415.4602857142857,22.078857142857142,0.5828285714285715,7.7226627285714295,0.025519392360001763,
d50d27d09cbf82598228a49be9190a5b,goat,960x704,32,10.0,0.25,1105000,832,625,0.75,0_3_3,5 4 4 2 2,64_16,9_16,1.2,32,5 4 4 2 2,convnext pshuffel,none,relu,16,2,75,0.001,Fusion6,tanh,10,8,6,,,,,,10,1,2,24,761.2865555555557,19.333000000000002,0.5084,10.947151811111112,0.056008396297693205,808.0335555555555,19.066333333333333,0.5014222222222222,11.636164899999999,0.055715986920727587,
228396b10b7f399406c9e6c5244902b4,miami-surf,960x896,16,0.25,0.5,1565000,56,404,0.75,,,,,,,,,,,,,,,,,,,,,,,,,5,-1,2,24,2.2150000000000003,44.75114285714285,0.9850571428571427,85.88844908571427,4.672817594837397e-05,29.920285714285715,33.40357142857143,0.9559285714285713,44.809175471428574,0.0006611820139888456,
fa5bce97f91d6034e9019f5559af9c37,camel,1280x512,32,10.0,0.25,1202000,1454,709,0.5,0_3_3,5 4 4 2 2,64_16,9_16,1.2,32,5 4 4 2 2,convnext pshuffel,none,relu,16,2,75,0.001,Fusion6,tanh,1,8,6,8,2,48,2,30,,,,,187.33100000000002,25.42944444444444,0.7336444444444443,30.809263,0.036123729890419336,542.3580000000001,20.80777777777778,0.6065222222222223,4.137223133333334,0.05128899460865387,
815c6a2d4ec0f6910182df9981003446,blackswan,640x352,16,20.0,0.75,283000,31,78,0.25,,,,,,,,,,,,,,,,,,,,,,,,,5,1,2,24,51.3504,31.0598,0.8387,65.67890456,0.007431523483246516,210.923,24.8944,0.68802,17.761611539999997,0.02359638415277,
7441ee524fdb089b8e1e096a500f19ea,dog-gooses,640x352,16,0.25,0.5,422000,50,135,0.75,,,,,,,,,,,,,,,,,,,,,,,,,5,-1,4,24,16.840697674418607,35.93418604651163,0.9249069767441862,93.85871763953489,0.0008249471368819907,156.96011627906975,26.19732558139535,0.8058023255813954,36.1880941744186,0.014988781516115284,
46bb763f702cc90bf0e4b880de41195e,drone,960x352,16,0.5,0.5,422000,625,380,0.25,0_3_3,5 4 4 2 2,64_16,9_16,1.2,32,5 4 4 2 2,convnext pshuffel,none,relu,16,2,75,0.001,Fusion6,tanh,10,8,6,8,4,48,4,30,,,,,175.1676923076923,27.135824175824172,0.8346263736263736,11.483235076923078,0.016926150885250648,540.4353846153847,21.896043956043954,0.7653076923076925,5.548629549450549,0.019586874551400697,
bdf0555daf251d69a7367f0dc2203a61,bmx-bumps,640x528,16,20.0,0.75,422000,48,210,0.75,,,,,,,,,,,,,,,,,,,,8,2,48,2,30,,,,,31.41711111111111,34.217777777777776,0.8976999999999999,77.59361523333335,0.005264367693275197,213.66166666666666,24.986888888888892,0.7828111111111111,26.62108136666667,0.013977836626872837,
adf3d98f647447414e526cfc5cbbdb7c,india,640x528,16,20.0,0.75,422000,40,213,0.75,,,,,,,,,,,,,,,,,,,,,,,,,5,-1,2,24,22.213333333333335,35.05827160493828,0.9229135802469136,72.01176139506173,0.002582188177189773,288.51962962962966,23.66777777777778,0.8118271604938271,14.659500259259259,0.011879113356203341,
24b003f7d373a9ff0073b38f07a92a9d,judo,1600x352,16,0.25,0.25,1037000,975,245,0.25,0_3_3,5 4 4 2 2,64_16,9_16,1.2,32,5 4 4 2 2,convnext pshuffel,none,relu,16,2,75,0.001,Fusion6,tanh,1,8,6,,,,,,10,-1,2,24,75.59705882352941,29.475882352941174,0.9380294117647059,48.67441561764706,0.0040495360598844,513.2682352941177,21.081764705882353,0.7960588235294117,0.0,0.015400988816776654,
67493a89c3e038279abe04eb8d461ddc,lindy-hop,960x896,32,10.0,0.25,1396000,940,638,0.5,0_3_3,5 4 4 2 2,64_16,9_16,1.2,32,5 4 4 2 2,convnext pshuffel,none,relu,16,2,50,0.001,Fusion6,tanh,1,8,6,,,,,,10,1,2,24,118.43767123287672,27.44630136986301,0.8759589041095891,24.440240506849314,0.014676860514517876,383.10698630136983,22.415205479452055,0.810958904109589,1.8659959726027395,0.019805866689102242,
c0b3a15ff63bd8fcf869bca5c492b421,breakdance-flare,640x896,16,0.5,0.25,710000,627,449,0.5,0_3_3,5 4 4 2 2,64_16,9_16,1.2,32,5 4 4 2 2,convnext pshuffel,none,relu,16,4,100,0.001,Fusion6,tanh,10,8,6,16,4,48,4,10,,,,,588.4602816901407,20.554507042253526,0.5723098591549296,5.78935190140845,0.029700165220969115,244.9842253521127,24.252535211267602,0.6128450704225352,7.386228492957748,0.026541266144371318,
c7c4e058ca30079456530e305f22c70f,drift-turn,1280x896,16,10.0,0.5,2388000,64,479,0.25,,,,,,,,,,,,,,,,,,,,,,,,,5,-1,2,24,14.869531250000001,36.67203125,0.9436249999999999,90.8933754375,0.0014870397992580828,71.7878125,29.643437499999997,0.882375,62.06374340625,0.006144170794868788,
8716b7fdc825045ba79d39f14f224de9,lindy-hop,1280x352,16,10.0,0.5,970000,1080,408,0.75,0_3_3,5 4 4 2 2,64_16,9_16,1.2,32,5 4 4 2 2,convnext pshuffel,none,relu,16,4,100,0.001,Fusion6,tanh,3,8,6,,,,,,10,1,4,24,178.03041095890413,25.719589041095887,0.8381917808219177,25.587236315068495,0.021169022325273196,408.44219178082193,22.084657534246578,0.7804383561643837,4.992792780821918,0.027572540489778072,
68a9d4eb4b9ea563e6670e9a6b24f2c2,mallard-fly,1280x896,32,0.25,0.5,2062000,1402,898,0.75,0_3_3,5 4 4 2 2,64_16,9_16,1.2,32,5 4 4 2 2,convnext pshuffel,none,relu,16,2,100,0.001,Fusion6,tanh,3,8,6,8,2,24,0,3,,,,,91.76014285714287,29.78514285714285,0.8195285714285715,33.57029384285715,0.011176169073275647,218.45471428571426,25.294999999999995,0.7520714285714285,16.693249199999997,0.01349408451101871,
380448326119cc4e49782236626182a7,drift-straight,1600x352,32,0.25,0.25,1051000,1249,319,0.25,0_3_3,5 4 4 2 2,64_16,9_16,1.2,32,5 4 4 2 2,convnext pshuffel,none,relu,16,2,75,0.001,Fusion6,tanh,1,8,6,16,4,48,4,10,,,,,1589.5636,16.2826,0.60694,13.683728760000001,0.0322915985807776,1646.7484,16.1368,0.60392,14.075401779999998,0.031503899004310325,
e561768d9b6f362113be4395f9aff58f,lady-running,1600x720,16,20.0,0.5,2202000,62,468,0.75,,,,,,,,,,,,,,,,,,,,8,2,24,2,30,,,,,5.956615384615385,40.44984615384615,0.9731846153846153,98.77953110769232,0.0003655128463063446,68.40584615384616,29.810923076923075,0.9215846153846154,58.96878386153846,0.0031990417565863384,
ec239effca86375ff065dd184ac42c96,horsejump-high,1280x896,16,20.0,0.25,2062000,52,297,0.75,,,,,,,,,,,,,,,,,,,,,,,,,10,1,4,24,13.9158,36.743199999999995,0.9457800000000001,93.29392911999999,0.0022915988927706575,192.7248,25.303800000000003,0.85288,35.286351859999996,0.017148864492773964,
13111c0dada1e69614a661d33a8a5a0e,lady-running,640x896,16,0.25,0.5,1056000,1545,410,0.75,0_3_3,5 4 4 2 2,64_16,9_16,1.2,32,5 4 4 2 2,convnext pshuffel,none,relu,16,4,100,0.001,Fusion6,tanh,1,8,6,,,,,,10,1,4,24,77.93923076923076,29.52169230769231,0.8943846153846153,31.483444938461535,0.004603582608083642,336.67476923076924,23.15707692307692,0.8056307692307693,3.3728702769230767,0.008908815370299446,
b079db99bce0cd0bc7fb50760fdd69e7,horsejump-low,1280x720,16,0.5,0.75,1129000,855,553,0.25,0_3_3,5 4 4 2 2,64_16,9_16,1.2,32,5 4 4 2 2,convnext pshuffel,none,relu,16,4,75,0.001,Fusion6,tanh,3,8,6,8,2,24,4,3,,,,,593.6851666666666,20.41883333333333,0.5745833333333332,6.511845633333334,0.048325564526021436,635.1650000000001,20.131500000000003,0.5701333333333334,7.720970983333333,0.0474400874227285,
76c46e898c9559abb4da62157f339aa4,lindy-hop,640x528,16,0.5,0.75,422000,664,303,0.5,0_3_3,5 4 4 2 2,64_16,9_16,1.2,32,5 4 4 2 2,convnext pshuffel,none,relu,16,4,50,0.001,Fusion6,tanh,1,8,6,24,2,24,2,3,,,,,423.96219178082197,21.9172602739726,0.7473972602739726,0.024250547945205477,0.035314583717143654,1151.4034246575345,17.579041095890407,0.6655479452054796,0.44787186301369863,0.03985461465095816,
3ba6687d8c2f09adf61da9c99c9aa30b,bike-packing,960x352,32,0.5,0.5,422000,1383,304,0.25,0_3_3,5 4 4 2 2,64_16,9_16,1.2,32,5 4 4 2 2,convnext pshuffel,none,relu,16,4,100,0.001,Fusion6,tanh,1,8,6,,,,,,5,-1,4,24,694.9757971014493,19.942463768115942,0.6822463768115943,1.4451268550724636,0.059738853460420696,1187.1891304347826,17.407681159420296,0.5950289855072463,0.28776547826086957,0.07113296484601667,
a11d5f1812c4df594fe5e18499c350c3,gold-fish,1600x896,16,10.0,0.5,3023000,1173,1213,0.25,0_3_3,5 4 4 2 2,64_16,9_16,1.2,32,5 4 4 2 2,convnext pshuffel,none,relu,16,2,50,0.001,Fusion6,tanh,3,8,6,8,4,24,2,10,,,,,16.473333333333333,36.05705128205128,0.9410641025641022,38.5549443974359,0.0007518160355408167,89.33615384615383,28.667948717948722,0.8769871794871795,0.15547971794871795,0.001537742473793955,
22e60a594e4ef895fcde18082f3b82cf,hike,1280x896,32,0.5,0.75,1396000,71,467,0.5,,,,,,,,,,,,,,,,,,,,,,,,,5,1,4,24,47.165875,31.501125000000002,0.8969625000000001,77.067369375,0.010162166715599549,350.91875,22.695124999999997,0.69485,18.629850249999997,0.04202965178992594,
744b7db5115596454317ae9f0e588b29,dog,1280x512,32,0.5,0.25,809000,44,236,0.5,,,,,,,,,,,,,,,,,,,,,,,,,10,-1,2,24,35.5055,32.942166666666665,0.8545666666666667,49.934887133333326,0.005096577612857754,126.54616666666666,27.313833333333328,0.7726666666666665,22.1753539,0.009307741961674717,
bf17e14e806e2f8b6608a1a09f089adb,lab-coat,1280x352,16,10.0,0.25,970000,39,133,0.5,,,,,,,,,,,,,,,,,,,,16,4,24,2,3,,,,,14.053829787234044,36.86063829787234,0.944212765957447,87.53811548936169,0.0012292056332064403,58.21404255319149,30.73425531914894,0.9072340425531915,59.47272246808512,0.006762578241289247,
ee66346151b43a35ff52decf3aedbbe9,car-roundabout,640x352,16,10.0,0.75,422000,42,111,0.5,,,,,,,,,,,,,,,,,,,,16,2,48,0,3,,,,,42.042133333333325,31.94213333333333,0.9233466666666669,91.84020469333333,0.006570337750017592,180.84373333333335,25.572800000000004,0.8378399999999999,59.36605638666666,0.02271342299878593,
065deda85bb7dd7fe03d74123d32fae2,horsejump-high,1600x704,32,20.0,0.5,1637000,50,351,0.75,,,,,,,,,,,,,,,,,,,,8,2,24,2,30,,,,,19.356399999999997,35.2952,0.93098,88.68410988,0.003516033254563758,318.85880000000003,23.104199999999995,0.8264999999999998,31.22051914,0.01853880116716022,
297ee2b0593ad05e7295f796640c8ca0,drift-turn,640x352,32,0.5,0.75,283000,30,95,0.75,,,,,,,,,,,,,,,,,,,,24,2,48,4,3,,,,,57.064218749999995,30.79140625,0.83525,68.900308515625,0.008647519136502472,239.03515625,24.51234375,0.7403906250000001,36.328153890625,0.018629134254297193,
98c6f4f8ff964e7525ac78384f494198,cows,640x512,32,0.25,0.75,610000,1368,429,0.25,0_3_3,5 4 4 2 2,64_16,9_16,1.2,32,5 4 4 2 2,convnext pshuffel,none,relu,16,2,75,0.001,Fusion6,tanh,1,8,6,8,4,24,0,30,,,,,390.12721153846155,22.281826923076927,0.572875,7.61126123076923,0.06909485164886481,415.94288461538457,21.958653846153847,0.5782307692307692,9.232832923076923,0.06848556548357006,
bbcb5b947c6951d97d8886c2e06dc8db,flamingo,960x352,16,0.25,0.25,629000,1745,358,0.25,0_3_3,5 4 4 2 2,64_16,9_16,1.2,32,5 4 4 2 2,convnext pshuffel,none,relu,16,2,100,0.001,Fusion6,tanh,1,8,6,16,2,24,0,30,,,,,161.75912499999998,26.183624999999996,0.7727375000000001,29.3332881375,0.03487751213833684,534.1073749999999,20.885624999999997,0.6892625,2.085772125,0.051194790611043525,
c0b78b85c04717283d2b0a9c822b06c4,lucia,960x352,16,0.5,0.75,422000,40,163,0.5,,,,,,,,,,,,,,,,,,,,24,4,24,4,30,,,,,45.367999999999995,31.600857142857137,0.8776714285714287,79.18194354285714,0.006329345207528294,299.04885714285723,23.399285714285714,0.6353428571428572,19.876831242857143,0.031892755787287404,
1e7368e96e5e0b0210322f071f574bfa,car-turn,1280x720,16,20.0,0.75,1672000,1173,759,0.75,0_3_3,5 4 4 2 2,64_16,9_16,1.2,32,5 4 4 2 2,convnext pshuffel,none,relu,16,4,75,0.001,Fusion6,tanh,3,8,6,,,,,,5,1,2,24,122.374875,27.493375000000004,0.7821625,17.7587772875,0.020905354688875326,213.79274999999998,24.84175,0.7267,5.7792643625,0.026842003175988744,
704c58c6085b82858eb283cea633da37,koala,1280x352,16,10.0,0.5,970000,57,293,0.25,,,,,,,,,,,,,,,,,,,,,,,,,5,-1,4,24,6.768399999999999,40.26669999999999,0.9676699999999999,90.06620973999999,0.00040827309792799244,42.3336,32.0671,0.9230700000000002,60.14928120999999,0.001027634316560526,
d888c9a764e82f96ce913ff77e3f1c4d,hike,1600x704,32,0.25,0.5,2053000,69,531,0.75,,,,,,,,,,,,,,,,,,,,,,,,,10,-1,2,24,24.1475,34.418625,0.9371124999999999,91.0864679,0.003407762134156602,160.61399999999998,26.07975,0.8134625,38.089899575,0.026745968032628253,
feb19c3c5745c01f13feaf544ec6d5fe,camel,1280x352,16,10.0,0.75,970000,1514,480,0.25,0_3_3,5 4 4 2 2,64_16,9_16,1.2,32,5 4 4 2 2,convnext pshuffel,none,relu,16,2,75,0.001,Fusion6,tanh,1,8,6,,,,,,10,-1,4,24,375.49833333333333,22.413999999999998,0.6340555555555555,5.8650884777777765,0.04466863891316781,884.9485555555555,18.711111111111112,0.5784666666666667,3.6972132777777778,0.05056763175461024,
fbdd1a7a8ef5b01f2bd451455c463b21,koala,640x896,32,0.25,0.5,1056000,931,668,0.75,0_3_3,5 4 4 2 2,64_16,9_16,1.2,32,5 4 4 2 2,convnext pshuffel,none,relu,16,4,75,0.001,Fusion6,tanh,3,8,6,,,,,,10,-1,4,24,96.12119999999999,28.3644,0.84591,11.706998350000001,0.003868159585981583,216.61719999999994,24.8574,0.82108,9.53186361,0.004220229788334057,
f40d360163bb1b12589c4798358ae0c3,elephant,640x720,16,0.5,0.75,573000,377,390,0.25,0_3_3,5 4 4 2 2,64_16,9_16,1.2,32,5 4 4 2 2,convnext pshuffel,none,relu,16,4,50,0.001,Fusion6,tanh,10,8,6,8,2,48,2,3,,,,,546.8541250000001,20.870875,0.703,0.0,0.0223484266782179,833.4119999999999,19.023125,0.6827,0.00068255,0.02210818578023459,
6bddb9563f02d8a48b7c3899c1226e5c,gold-fish,960x352,16,0.5,0.75,422000,49,153,0.75,,,,,,,,,,,,,,,,,,,,,,,,,5,1,2,24,13.801666666666666,36.759102564102555,0.9304615384615388,64.47509952564101,0.0010814584705094567,148.49846153846153,26.482692307692307,0.8127692307692309,17.64370082051282,0.0036541447849370587,
63fdf5219dce9d1d4eb59478178dd93c,bmx-bumps,640x720,16,20.0,0.5,573000,387,418,0.75,0_3_3,5 4 4 2 2,64_16,9_16,1.2,32,5 4 4 2 2,convnext pshuffel,none,relu,16,4,50,0.001,Fusion6,tanh,10,8,6,24,4,24,0,3,,,,,2244.603333333333,17.079555555555554,0.6641444444444444,4.1636326666666665,0.02388067520417578,2276.039888888889,16.756,0.6535,5.489845233333333,0.023626783025813135,
2a68b39e10b1794d23c40a9b72e6d13d,drift-chicane,1600x352,32,20.0,0.75,834000,38,176,0.75,,,,,,,,,,,,,,,,,,,,,,,,,5,1,4,24,4.668653846153846,41.459230769230764,0.9726346153846154,85.55021151923077,0.0002192535139328702,83.69096153846156,28.910384615384615,0.8727307692307692,25.953555403846153,0.005191947539480208,
5259a1236721a81721ec273fee8b0328,flamingo,960x896,32,0.5,0.75,1056000,2182,751,0.25,0_3_3,5 4 4 2 2,64_16,9_16,1.2,32,5 4 4 2 2,convnext pshuffel,none,relu,16,4,100,0.001,Fusion6,tanh,1,8,6,8,4,48,0,30,,,,,152.74312500000002,26.47925,0.7819875,23.236961437499996,0.022338386368937747,514.9466249999999,21.156625,0.7197625000000001,4.3474080375,0.03326939488761123,
5e40814c94cab0598528b0241ea5b60c,cat-girl,1280x896,16,0.25,0.75,2062000,1540,1077,0.5,0_3_3,5 4 4 2 2,64_16,9_16,1.2,32,5 4 4 2 2,convnext pshuffel,none,relu,16,2,50,0.001,Fusion6,tanh,1,8,6,,,,,,5,1,2,24,115.2167415730337,27.675955056179774,0.8449550561797754,29.345265898876406,0.011456072586850123,229.61595505617979,24.585617977528095,0.7835955056179776,21.224302629213483,0.013921616447231357,
cf51adb18148bff629f5a3046fe59317,kite-walk,640x720,16,10.0,0.75,853000,546,433,0.75,0_3_3,5 4 4 2 2,64_16,9_16,1.2,32,5 4 4 2 2,convnext pshuffel,none,relu,16,2,50,0.001,Fusion6,tanh,10,8,6,,,,,,10,-1,2,24,454.64700000000005,21.658375,0.7464375000000001,0.0,0.01811191900633271,468.65725000000003,21.4985,0.7369875,0.037574225,0.01879579492378975,
d46162b827874128c2b96d8d5744ca79,bike-packing,1280x528,16,10.0,0.75,1439000,818,571,0.25,0_3_3,5 4 4 2 2,64_16,9_16,1.2,32,5 4 4 2 2,convnext pshuffel,none,relu,16,2,75,0.001,Fusion6,tanh,10,8,6,,,,,,10,-1,2,24,562.2746376811593,20.78753623188406,0.7314637681159422,2.12419231884058,0.051716035582881,482.1337681159421,21.340869565217393,0.7342608695652173,0.3906213188405797,0.05390563936553135,
9059b142c6d079a17dea047213699b67,kite-walk,960x512,32,20.0,0.75,409000,729,378,0.75,0_3_3,5 4 4 2 2,64_16,9_16,1.2,32,5 4 4 2 2,convnext pshuffel,none,relu,16,4,100,0.001,Fusion6,tanh,10,8,6,,,,,,10,1,4,24,266.66112499999997,23.95675,0.76175,0.0,0.014219031890388534,202.602125,25.092624999999998,0.7654375000000001,0.13124348749999998,0.013699033949524117,
cd7bee8d3edd5031cb3459209143ca61,kid-football,640x896,16,0.25,0.5,1056000,55,243,0.75,,,,,,,,,,,,,,,,,,,,,,,,,10,-1,2,24,18.64573529411765,35.716470588235296,0.94275,85.33069363235293,0.003744311596486012,116.08308823529413,27.94426470588235,0.888529411764706,49.95055402941176,0.01278624978080826,
75fc7e88f729ebb68371fe062346c852,kid-football,960x896,16,10.0,0.75,1732000,57,324,0.5,,,,,,,,,,,,,,,,,,,,,,,,,10,-1,2,24,11.489264705882354,37.85382352941176,0.9594264705882353,91.2682318235294,0.0018080855764256384,73.54029411764704,29.72264705882353,0.9107205882352942,58.30872010294118,0.008373121422824998,
97b32e24deaea72d1c402d7668f286a5,gold-fish,960x720,16,10.0,0.75,1402000,1455,535,0.5,0_3_3,5 4 4 2 2,64_16,9_16,1.2,32,5 4 4 2 2,convnext pshuffel,none,relu,16,4,75,0.001,Fusion6,tanh,1,8,6,,,,,,5,1,2,24,52.896410256410256,30.92756410256411,0.8842692307692308,7.664248025641028,0.002796508336009837,165.60115384615386,25.95320512820513,0.8179102564102566,0.0,0.003223922348414042,
b2c6fca385aea5c100cc643ef5bfca66,flamingo,960x1072,16,20.0,0.5,1660000,852,692,0.25,0_3_3,5 4 4 2 2,64_16,9_16,1.2,32,5 4 4 2 2,convnext pshuffel,none,relu,16,2,75,0.001,Fusion6,tanh,10,8,6,,,,,,5,1,2,24,110.38499999999999,27.830624999999998,0.821,29.21602985,0.013323252298869145,359.0415,22.75125,0.7602,5.7368433375,0.02574793901294465,
be7f5579e96ceff51615bf1370ec6c6b,longboard,1280x704,32,0.25,0.75,1637000,733,409,0.5,0_3_3,5 4 4 2 2,64_16,9_16,1.2,32,5 4 4 2 2,convnext pshuffel,none,relu,16,4,75,0.001,Fusion6,tanh,3,8,6,,,,,,10,1,4,24,391.3892307692308,22.279423076923077,0.6913846153846155,1.9659640000000005,0.024051766681413195,438.96269230769235,21.889038461538462,0.6928269230769233,2.557078230769231,0.024092288150523673,
e019cc2a93304884c68a5dbbd95f5947,libby,1600x704,32,0.25,0.5,2053000,897,532,0.25,0_3_3,5 4 4 2 2,64_16,9_16,1.2,32,5 4 4 2 2,convnext pshuffel,none,relu,16,4,100,0.001,Fusion6,tanh,10,8,6,8,2,24,2,30,,,,,373.2828571428571,22.480816326530615,0.7462857142857142,11.953880367346938,0.006081443926205398,243.85204081632654,24.332857142857147,0.7658367346938775,6.727007387755101,0.004906426402455032,
1d65bed084995c558fd4bec4e3e1e9cc,dog,1600x352,16,20.0,0.75,1105000,786,306,0.25,0_3_3,5 4 4 2 2,64_16,9_16,1.2,32,5 4 4 2 2,convnext pshuffel,none,relu,16,2,50,0.001,Fusion6,tanh,1,8,6,16,4,48,4,3,,,,,519.6971666666666,21.08466666666666,0.7142,12.10804415,0.008256458052589195,511.1925,21.17683333333333,0.7091999999999998,12.613524633333332,0.007885848203053032,
eb10b4b5486a5529857868b29dbd317c,longboard,960x1072,16,20.0,0.25,1660000,1142,457,0.5,0_3_3,5 4 4 2 2,64_16,9_16,1.2,32,5 4 4 2 2,convnext pshuffel,none,relu,16,4,75,0.001,Fusion6,tanh,1,8,6,,,,,,5,1,4,24,215.88365384615383,25.271730769230768,0.8054423076923076,6.939655788461537,0.014221614969965882,484.92500000000007,21.375576923076924,0.7498269230769231,3.94075025,0.017644466590494443,
f14fbf1e9a6c777959a102190ee9dc62,car-turn,960x352,32,0.5,0.5,422000,466,262,0.5,0_3_3,5 4 4 2 2,64_16,9_16,1.2,32,5 4 4 2 2,convnext pshuffel,none,relu,16,2,50,0.001,Fusion6,tanh,3,8,6,,,,,,5,1,2,24,476.26237499999996,21.75525,0.62465,0.1620957,0.0496536925900727,1131.91325,18.0665,0.5814875,1.4173307999999998,0.05113954446278508,
33d5d38ae0dcbe68923cd896a31edae2,bike-packing,1600x528,16,0.25,0.5,1538000,1031,511,0.25,0_3_3,5 4 4 2 2,64_16,9_16,1.2,32,5 4 4 2 2,convnext pshuffel,none,relu,16,2,100,0.001,Fusion6,tanh,3,8,6,,,,,,5,1,4,24,96.76507246376812,28.53478260869565,0.8928840579710146,49.47796649275362,0.022699242808680565,1112.1865217391305,17.68898550724637,0.6382318840579712,0.3899893913043479,0.0553468595380368,
f55c059f608b5f6bf9b4d9095549f204,horsejump-high,640x1072,16,0.25,0.25,1257000,497,331,0.75,0_3_3,5 4 4 2 2,64_16,9_16,1.2,32,5 4 4 2 2,convnext pshuffel,none,relu,16,2,75,0.001,Fusion6,tanh,10,8,6,,,,,,5,-1,4,24,263.1536,24.081599999999995,0.81172,6.61098558,0.025004562437534288,491.4158,21.311400000000003,0.76528,0.9915474799999999,0.029166319556534245,
4212fdbd1a2445e077bb02a17b31f186,lindy-hop,1600x352,32,20.0,0.25,834000,760,420,0.5,0_3_3,5 4 4 2 2,64_16,9_16,1.2,32,5 4 4 2 2,convnext pshuffel,none,relu,16,2,100,0.001,Fusion6,tanh,10,8,6,8,4,48,4,30,,,,,113.16520547945204,27.703698630136984,0.8793150684931507,36.076281712328765,0.011873636586106753,421.90863013698635,22.011232876712327,0.8064931506849315,7.328632369863013,0.01847575243868643,
3bd5ace7d9645b72811c6c43e140093b,mallard-water,640x352,16,0.5,0.5,283000,624,209,0.25,0_3_3,5 4 4 2 2,64_16,9_16,1.2,32,5 4 4 2 2,convnext pshuffel,none,relu,16,2,100,0.001,Fusion6,tanh,10,8,6,,,,,,5,-1,4,24,300.88525,23.420375,0.6836249999999999,18.9825342,0.05363895557820793,746.0022499999999,19.450875000000003,0.5649875,8.152267975,0.06652046311646695,
c8c0bfc7478e412c108ac2c96b8d38b8,lab-coat,1920x896,32,0.5,0.5,2062000,904,612,0.75,0_3_3,5 4 4 2 2,64_16,9_16,1.2,32,5 4 4 2 2,convnext pshuffel,none,relu,16,2,100,0.001,Fusion6,tanh,10,8,6,,,,,,10,-1,4,24,204.00489361702122,25.128936170212764,0.8150425531914891,1.199599510638298,0.022503880070562015,1396.9731914893614,16.737659574468086,0.7522127659574468,1.1610505106382978,0.02418266656867997,
ddff1682c04fbefd29f5f239e5078424,flamingo,960x352,32,0.5,0.25,422000,899,258,0.5,0_3_3,5 4 4 2 2,64_16,9_16,1.2,32,5 4 4 2 2,convnext pshuffel,none,relu,16,4,75,0.001,Fusion6,tanh,1,8,6,,,,,,5,1,4,24,245.133625,24.381875,0.7154875,10.607989387500002,0.04912298372946675,1344.98625,16.896749999999997,0.6228374999999999,1.8747290874999998,0.0551888575777411,
e58ec2912e8cb46ea67a9bcdce4c8241,horsejump-high,1280x896,16,10.0,0.75,2388000,669,533,0.25,0_3_3,5 4 4 2 2,64_16,9_16,1.2,32,5 4 4 2 2,convnext pshuffel,none,relu,16,2,75,0.001,Fusion6,tanh,10,8,6,,,,,,10,-1,2,24,264.4462,23.926000000000002,0.7973399999999999,4.11837864,0.029575251899659583,443.5456,21.664399999999997,0.7548600000000001,0.0067047800000000005,0.03397804670035834,
603813ab19e0f30c444256ecc9022006,hockey,1920x1072,16,10.0,0.25,4278000,1551,1244,0.75,0_3_3,5 4 4 2 2,64_16,9_16,1.2,32,5 4 4 2 2,convnext pshuffel,none,relu,16,4,50,0.001,Fusion6,tanh,3,8,6,,,,,,5,1,2,24,119.5788,27.526133333333334,0.8647733333333332,2.8692930933333334,0.009917417708784298,239.9024,24.401733333333336,0.82976,0.0,0.011660914427290302,
15e9f3ab20170f467c6255d292ad6db6,cat-girl,640x528,16,0.5,0.25,422000,433,285,0.5,0_3_3,5 4 4 2 2,64_16,9_16,1.2,32,5 4 4 2 2,convnext pshuffel,none,relu,16,4,50,0.001,Fusion6,tanh,3,8,6,,,,,,5,1,4,24,430.1105617977528,21.915168539325844,0.6698539325842696,4.259496584269663,0.03502180582184466,1621.932247191011,16.1076404494382,0.5791460674157303,10.06573486516854,0.03638521148666233,
9912f5c23d29d6c254ca26c2fe6da4eb,bear,640x896,16,0.25,0.25,1056000,1449,507,0.25,0_3_3,5 4 4 2 2,64_16,9_16,1.2,32,5 4 4 2 2,convnext pshuffel,none,relu,16,2,100,0.001,Fusion6,tanh,1,8,6,,,,,,5,-1,2,24,842.9348780487805,19.411951219512193,0.5617195121951221,5.842672121951219,0.05463062185884972,258.280243902439,24.029756097560977,0.6862439024390243,11.995693853658537,0.042040792089409904,
610691165987497e5d36533f7aea18b1,blackswan,960x352,32,0.5,0.25,422000,351,182,0.75,0_3_3,5 4 4 2 2,64_16,9_16,1.2,32,5 4 4 2 2,convnext pshuffel,none,relu,16,2,50,0.001,Fusion6,tanh,10,8,6,,,,,,10,1,4,24,202.26559999999998,25.102199999999996,0.6844599999999998,0.63435904,0.01949905076995486,541.7988,20.8206,0.62808,1.16058118,0.020712403208017306,
d1e8816428f00755be82ba0e62c039c3,blackswan,960x352,32,10.0,0.75,560000,570,189,0.75,0_3_3,5 4 4 2 2,64_16,9_16,1.2,32,5 4 4 2 2,convnext pshuffel,none,relu,16,4,50,0.001,Fusion6,tanh,1,8,6,16,2,24,0,10,,,,,430.8128,21.811,0.6401400000000002,0.044062859999999995,0.02088316708803172,546.303,20.7908,0.62762,0.9717453200000001,0.020634270627051542,
5aa64b0dbbf071218a69c08c180776fa,bmx-trees,960x896,16,0.5,0.5,1056000,668,588,0.5,0_3_3,5 4 4 2 2,64_16,9_16,1.2,32,5 4 4 2 2,convnext pshuffel,none,relu,16,4,75,0.001,Fusion6,tanh,10,8,6,24,2,24,4,10,,,,,462.40212499999996,21.591250000000002,0.665675,6.0782097875000005,0.021057887293863993,4051.0993749999993,12.5535,0.5041749999999999,17.333637950000004,0.037089911440852975,
248bd1ce70e59a5c6071f4cd59bdf08a,gold-fish,640x1072,16,20.0,0.5,846000,946,451,0.75,0_3_3,5 4 4 2 2,64_16,9_16,1.2,32,5 4 4 2 2,convnext pshuffel,none,relu,16,2,100,0.001,Fusion6,tanh,3,8,6,,,,,,10,1,4,24,16.968333333333334,35.933717948717955,0.9468205128205125,42.201462487179484,0.0005071542308984732,193.1784615384615,25.31551282051282,0.8733717948717947,8.290214487179489,0.0010641319535445318,
96df64d6a4f3b2b008de3e835433cae6,bike-packing,960x512,32,0.25,0.75,928000,434,341,0.75,0_3_3,5 4 4 2 2,64_16,9_16,1.2,32,5 4 4 2 2,convnext pshuffel,none,relu,16,2,50,0.001,Fusion6,tanh,10,8,6,24,2,48,0,3,,,,,754.7989855072465,19.887826086956526,0.6913333333333334,0.8695746811594204,0.055950982118214344,629.8888405797101,20.182753623188404,0.6952028985507245,0.0942397536231884,0.06023611819398572,
8203e33062d3556d089c08fd8bc707bb,hike,1280x352,32,0.25,0.25,834000,1163,343,0.5,0_3_3,5 4 4 2 2,64_16,9_16,1.2,32,5 4 4 2 2,convnext pshuffel,none,relu,16,2,75,0.001,Fusion6,tanh,1,8,6,8,4,24,4,10,,,,,791.82575,19.182125,0.5712125,3.67882145,0.0591947351582348,924.182125,18.560750000000002,0.5644,4.6408665125,0.059996244870126204,
8dd56bf8acb9ff8a21fa391f44c33649,drift-turn,640x528,16,0.5,0.5,422000,857,224,0.25,0_3_3,5 4 4 2 2,64_16,9_16,1.2,32,5 4 4 2 2,convnext pshuffel,none,relu,16,2,75,0.001,Fusion6,tanh,1,8,6,24,4,48,0,30,,,,,321.796875,23.19171875,0.7053750000000001,5.00031509375,0.030629121451056514,1050.94265625,18.33390625,0.6293593749999999,5.331901078125,0.03840869347914117,
ca8be9a6b213c4f829cf74d2bd09f163,bmx-bumps,640x1056,32,0.25,0.75,1239000,1808,542,0.5,0_3_3,5 4 4 2 2,64_16,9_16,1.2,32,5 4 4 2 2,convnext pshuffel,none,relu,16,4,100,0.001,Fusion6,tanh,1,8,6,8,2,24,2,3,,,,,1467.853888888889,18.72866666666667,0.7355,8.779818944444447,0.016615648323002212,251.97822222222223,24.881777777777774,0.793711111111111,13.065487466666667,0.011796026584205569,
1444b689900a2bab865ea2d26ebbc769,breakdance-flare,640x720,16,0.5,0.75,573000,697,317,0.25,0_3_3,5 4 4 2 2,64_16,9_16,1.2,32,5 4 4 2 2,convnext pshuffel,none,relu,16,2,50,0.001,Fusion6,tanh,1,8,6,,,,,,10,-1,2,24,525.2011267605635,21.038028169014083,0.5645352112676054,3.512727112676056,0.03183454456148848,569.6090140845071,20.637042253521123,0.5493661971830986,5.3488721690140855,0.03217248080796755,
7ca65a12b52fdbfa859cb8bbcb41812a,blackswan,960x896,32,0.5,0.75,1056000,655,408,0.25,0_3_3,5 4 4 2 2,64_16,9_16,1.2,32,5 4 4 2 2,convnext pshuffel,none,relu,16,2,100,0.001,Fusion6,tanh,10,8,6,8,4,24,4,30,,,,,146.9362,26.476599999999998,0.7717200000000001,15.925053640000002,0.012507777474820564,292.0972,23.510599999999997,0.72154,6.1956695,0.015592973008751818,
17ffac814ea1fc28b5850dd0bf8d3bb8,bear,960x1072,16,0.5,0.5,1257000,1466,667,0.5,0_3_3,5 4 4 2 2,64_16,9_16,1.2,32,5 4 4 2 2,convnext pshuffel,none,relu,16,4,75,0.001,Fusion6,tanh,1,8,6,,,,,,10,1,2,24,796.2946341463414,19.544878048780486,0.5788658536585366,6.226003146341463,0.05064508582397201,492.78841463414636,21.265365853658537,0.6085975609756098,9.104432231707317,0.04608466308109639,
11d8d681d07621b251f0301426c7694d,goat,1920x352,32,0.5,0.5,834000,1796,636,0.5,0_3_3,5 4 4 2 2,64_16,9_16,1.2,32,5 4 4 2 2,convnext pshuffel,none,relu,16,2,100,0.001,Fusion6,tanh,1,8,6,,,,,,5,-1,2,24,378.268,22.379666666666665,0.6144,10.758830222222223,0.019610989093780472,439.88199999999995,21.71677777777778,0.6315444444444445,13.72882081111111,0.01871563731175325,
b7a71a8ad63dc2d4f098377455527925,breakdance-flare,960x896,16,0.25,0.25,1565000,909,591,0.25,0_3_3,5 4 4 2 2,64_16,9_16,1.2,32,5 4 4 2 2,convnext pshuffel,none,relu,16,4,100,0.001,Fusion6,tanh,10,8,6,24,4,24,0,30,,,,,466.43492957746486,21.544225352112672,0.5993661971830986,4.26092285915493,0.02785219351800391,683.2812676056338,20.862394366197183,0.6123098591549296,6.054997690140846,0.028043681886834114,
4d5d1007ea3de73c3b788a3a2bcc8473,judo,1600x1056,32,20.0,0.25,2411000,1539,466,0.75,0_3_3,5 4 4 2 2,64_16,9_16,1.2,32,5 4 4 2 2,convnext pshuffel,none,relu,16,2,100,0.001,Fusion6,tanh,1,8,6,,,,,,10,-1,4,24,14.362941176470587,36.985588235294124,0.9737647058823531,68.05370438235295,0.0011594689242294825,210.05088235294116,24.93647058823529,0.8886470588235296,1.0429272058823529,0.009259881616076951,
d51cba5b15dd8afe95236e3abd353ab5,drift-straight,1280x512,32,10.0,0.75,1202000,837,319,0.25,0_3_3,5 4 4 2 2,64_16,9_16,1.2,32,5 4 4 2 2,convnext pshuffel,none,relu,16,2,100,0.001,Fusion6,tanh,3,8,6,24,4,48,4,3,,,,,1058.9362,18.032799999999998,0.5919000000000001,12.5181007,0.046330070514231866,613.232,20.549400000000002,0.6704400000000001,17.89805352,0.028393595721572594,
d82e9f36ffabae0672b18488cba60d5a,horsejump-high,1280x704,32,0.5,0.25,1105000,776,371,0.25,0_3_3,5 4 4 2 2,64_16,9_16,1.2,32,5 4 4 2 2,convnext pshuffel,none,relu,16,2,50,0.001,Fusion6,tanh,1,8,6,,,,,,10,-1,4,24,853.0178000000001,18.8756,0.71914,0.0,0.04238486446440214,943.5222,18.4514,0.71154,0.0,0.04278343468904491,
c3556a4443f91d0f40c753d1d97a139f,classic-car,640x512,32,0.25,0.75,610000,699,221,0.75,0_3_3,5 4 4 2 2,64_16,9_16,1.2,32,5 4 4 2 2,convnext pshuffel,none,relu,16,2,50,0.001,Fusion6,tanh,1,8,6,,,,,,10,-1,2,24,456.3550793650793,21.725714285714286,0.7413333333333333,4.367151841269841,0.04246587171736687,1978.9066666666668,15.649047619047623,0.6576984126984127,5.784006047619047,0.04569152356790641,
35629a823720d11259244b1970bc6052,miami-surf,1920x352,32,0.25,0.75,1239000,1206,440,0.5,0_3_3,5 4 4 2 2,64_16,9_16,1.2,32,5 4 4 2 2,convnext pshuffel,none,relu,16,4,100,0.001,Fusion6,tanh,3,8,6,,,,,,5,-1,2,24,375.11842857142864,22.547142857142855,0.9284857142857142,0.0,0.0014958673909339318,417.5422857142857,22.12342857142857,0.9191142857142857,0.0,0.0014474104499510414,
4bd50cc13fe5a4bb3ee04629f821f9e0,dog-gooses,960x528,16,0.5,0.25,629000,555,361,0.75,0_3_3,5 4 4 2 2,64_16,9_16,1.2,32,5 4 4 2 2,convnext pshuffel,none,relu,16,4,50,0.001,Fusion6,tanh,3,8,6,,,,,,10,1,4,24,617.766976744186,20.307209302325578,0.644,0.24015847674418608,0.03556426926407699,761.6904651162789,19.378139534883726,0.6275232558139535,1.9186070697674413,0.036996181231251944,
7e5861d35b4921af3faadfbe18bc5d60,cat-girl,1920x896,32,10.0,0.5,3332000,2573,1287,0.25,0_3_3,5 4 4 2 2,64_16,9_16,1.2,32,5 4 4 2 2,convnext pshuffel,none,relu,16,2,100,0.001,Fusion6,tanh,3,8,6,,,,,,10,1,2,24,36.790224719101126,32.63696629213483,0.9194044943820227,65.9791945505618,0.00462496574324541,94.52651685393259,28.446067415730337,0.8797415730337078,49.642631393258426,0.007665414593360348,
bbbed2acbef5af5544a9a3c418465163,horsejump-low,1280x704,32,10.0,0.5,1637000,696,475,0.25,0_3_3,5 4 4 2 2,64_16,9_16,1.2,32,5 4 4 2 2,convnext pshuffel,none,relu,16,4,50,0.001,Fusion6,tanh,3,8,6,8,4,24,2,3,,,,,601.4975,20.362166666666663,0.5716333333333333,6.513993633333333,0.04921020586043592,610.9491666666667,20.30516666666666,0.5704166666666666,6.959817783333333,0.04881536159664388,
d50f7d561881f1ad216021b5ddc30ce5,cows,1280x1072,16,10.0,0.5,2826000,3126,1280,0.75,0_3_3,5 4 4 2 2,64_16,9_16,1.2,32,5 4 4 2 2,convnext pshuffel,none,relu,16,4,75,0.001,Fusion6,tanh,1,8,6,,,,,,5,1,2,24,198.0967307692308,25.233942307692306,0.717701923076923,18.538270884615386,0.032021851834052976,281.2693269230769,23.647307692307688,0.6728365384615386,10.590374144230768,0.0363239732284385,
e2fa129f55b22cfa9123749cf571cded,dog,960x352,32,0.5,0.25,422000,976,215,0.75,0_3_3,5 4 4 2 2,64_16,9_16,1.2,32,5 4 4 2 2,convnext pshuffel,none,relu,16,2,75,0.001,Fusion6,tanh,1,8,6,8,4,24,4,30,,,,,443.57216666666665,21.868499999999994,0.6414833333333333,8.449135533333335,0.016294177877716667,816.5721666666667,19.218833333333333,0.6218333333333332,10.778913166666664,0.01615147659710293,
a66161d9e2c63c2a1049309727db73c2,car-roundabout,960x896,16,10.0,0.75,1732000,1447,581,0.75,0_3_3,5 4 4 2 2,64_16,9_16,1.2,32,5 4 4 2 2,convnext pshuffel,none,relu,16,2,75,0.001,Fusion6,tanh,1,8,6,,,,,,10,-1,2,24,1218.2772000000002,17.3832,0.65992,3.715066026666667,0.06096983999013896,1358.0874666666668,17.003733333333336,0.6518666666666667,3.61079048,0.06067866712808604,
7d3a8d1f7732d53176e80b2fbf2dd847,kid-football,1600x528,16,20.0,0.5,1637000,1157,511,0.25,0_3_3,5 4 4 2 2,64_16,9_16,1.2,32,5 4 4 2 2,convnext pshuffel,none,relu,16,4,100,0.001,Fusion6,tanh,3,8,6,16,4,24,2,30,,,,,205.3832352941177,25.309705882352944,0.8433970588235294,0.10454260294117647,0.026883563793757337,384.3529411764706,22.508970588235297,0.8009264705882353,0.0,0.029156936811940593,
30c0605cd0306ca841b49bbdc05c94d8,mallard-fly,1920x352,32,0.5,0.75,834000,1647,465,0.25,0_3_3,5 4 4 2 2,64_16,9_16,1.2,32,5 4 4 2 2,convnext pshuffel,none,relu,16,2,100,0.001,Fusion6,tanh,1,8,6,16,2,48,0,30,,,,,215.90199999999996,25.254571428571428,0.728057142857143,16.675578585714284,0.013282790844927363,1780.7992857142856,17.16485714285714,0.6211571428571429,18.56496372857143,0.023127252648451453,
47b4149c5b50b551c92664710f4edfb1,dogs-scale,1600x512,32,0.25,0.5,1512000,904,692,0.25,0_3_3,5 4 4 2 2,64_16,9_16,1.2,32,5 4 4 2 2,convnext pshuffel,none,relu,16,2,75,0.001,Fusion6,tanh,10,8,6,,,,,,5,-1,2,24,50.289638554216864,31.433975903614456,0.9184578313253012,46.99549649397591,0.010063190509688553,181.97409638554214,25.642530120481926,0.8755903614457832,10.66486081927711,0.017716515293142842,
e9ced4a36083c5b317df862b8ebb4b4a,hockey,640x1072,16,20.0,0.25,846000,958,425,0.25,0_3_3,5 4 4 2 2,64_16,9_16,1.2,32,5 4 4 2 2,convnext pshuffel,none,relu,16,4,100,0.001,Fusion6,tanh,3,8,6,,,,,,5,1,4,24,122.77119999999998,27.387466666666665,0.8632666666666665,12.857642826666666,0.016006921666363822,373.45106666666663,22.442133333333334,0.7927866666666666,1.0210258133333334,0.020293175193170664,
db027a10cd01ed0297ac959a2679a8f1,car-roundabout,960x352,32,0.25,0.5,643000,532,284,0.5,0_3_3,5 4 4 2 2,64_16,9_16,1.2,32,5 4 4 2 2,convnext pshuffel,none,relu,16,2,50,0.001,Fusion6,tanh,10,8,6,8,2,48,0,30,,,,,528.1498666666665,20.93373333333333,0.6806666666666668,10.568777186666665,0.07352343529462811,1559.4576000000002,16.259866666666667,0.5421733333333334,3.846023013333333,0.09082733045021688,
764e4a3081074f4345055999192407bb,drift-straight,640x720,16,10.0,0.25,853000,699,226,0.75,0_3_3,5 4 4 2 2,64_16,9_16,1.2,32,5 4 4 2 2,convnext pshuffel,none,relu,16,2,100,0.001,Fusion6,tanh,10,8,6,24,2,48,4,10,,,,,1496.3861999999997,16.512999999999998,0.59506,13.13578926,0.04370001859962937,1584.9664000000002,16.2694,0.5908399999999999,13.66265828,0.04341012287884947,
b032399f0495cc9ccd9009303aadc912,gold-fish,640x512,32,0.25,0.5,610000,541,278,0.75,0_3_3,5 4 4 2 2,64_16,9_16,1.2,32,5 4 4 2 2,convnext pshuffel,none,relu,16,4,50,0.001,Fusion6,tanh,3,8,6,24,4,48,2,3,,,,,100.03782051282052,28.178461538461544,0.8294871794871795,0.03740648717948718,0.006365440081422868,296.32038461538457,23.43474358974359,0.7366923076923076,0.0,0.00718923957230375,
951b1a239c121e68a6a3cf85cf943a4b,bike-packing,960x1072,16,0.25,0.5,1859000,1403,704,0.25,0_3_3,5 4 4 2 2,64_16,9_16,1.2,32,5 4 4 2 2,convnext pshuffel,none,relu,16,4,100,0.001,Fusion6,tanh,3,8,6,,,,,,5,-1,2,24,1026.91,18.1163768115942,0.6909130434782609,0.7789577971014493,0.06037420471725253,519.7284057971016,21.07710144927536,0.7201594202898549,0.45084369565217386,0.06035589078522243,
f32085991bd2eab075fde1368baa2efc,horsejump-low,960x896,16,0.25,0.5,1565000,1496,469,0.25,0_3_3,5 4 4 2 2,64_16,9_16,1.2,32,5 4 4 2 2,convnext pshuffel,none,relu,16,2,75,0.001,Fusion6,tanh,1,8,6,,,,,,5,1,4,24,666.0176666666666,19.9645,0.59665,8.025845316666667,0.04522699800630406,683.2201666666667,19.866666666666664,0.5915166666666667,8.336345916666666,0.04532595792164402,
4c8c263bfd4693fb424772adc357cd0d,libby,1600x528,16,0.25,0.75,1538000,686,360,0.5,0_3_3,5 4 4 2 2,64_16,9_16,1.2,32,5 4 4 2 2,convnext pshuffel,none,relu,16,2,50,0.001,Fusion6,tanh,1,8,6,8,4,24,2,10,,,,,215.99142857142857,24.854693877551018,0.7705510204081633,4.908583306122448,0.005188959888277571,510.1395918367347,21.102857142857143,0.7406122448979592,12.861740571428571,0.00563518880695404,
c2ed234e346923c44b7e6acc19fae519,hike,1600x896,32,20.0,0.25,2062000,1326,841,0.25,0_3_3,5 4 4 2 2,64_16,9_16,1.2,32,5 4 4 2 2,convnext pshuffel,none,relu,16,2,75,0.001,Fusion6,tanh,3,8,6,,,,,,5,1,4,24,215.53025000000002,24.808375,0.7093875,21.320800237500002,0.04897996364161367,1120.23,17.663,0.5571624999999999,6.18566395,0.060638344800099685,
bcba6274714a4f9b0c0951d3835ec523,mallard-fly,1920x720,16,0.5,0.5,1672000,1539,730,0.25,0_3_3,5 4 4 2 2,64_16,9_16,1.2,32,5 4 4 2 2,convnext pshuffel,none,relu,16,4,100,0.001,Fusion6,tanh,3,8,6,,,,,,5,1,4,24,162.36428571428573,26.509857142857147,0.7460714285714286,16.295250757142856,0.01262912176316599,250.64385714285714,24.392285714285716,0.705857142857143,12.289126971428571,0.013623933480786374,
e158c0e5d6f639594b4d7e03f9df0dd6,horsejump-low,1280x704,32,0.25,0.25,1637000,919,435,0.25,0_3_3,5 4 4 2 2,64_16,9_16,1.2,32,5 4 4 2 2,convnext pshuffel,none,relu,16,4,50,0.001,Fusion6,tanh,1,8,6,,,,,,10,1,4,24,601.2138333333335,20.36433333333333,0.5716166666666667,6.516850483333334,0.04918625820428128,612.0693333333332,20.297666666666665,0.57025,7.097503266666666,0.04896520220985011,
6dbdaea0950e4dd1f1aed29c899156a9,car-roundabout,1280x528,16,0.25,0.5,1239000,479,447,0.75,0_3_3,5 4 4 2 2,64_16,9_16,1.2,32,5 4 4 2 2,convnext pshuffel,none,relu,16,2,50,0.001,Fusion6,tanh,10,8,6,16,4,24,0,3,,,,,344.6818666666666,22.801733333333335,0.7606666666666666,19.109250786666664,0.05341579303145405,574.5881333333332,20.555066666666672,0.6905066666666666,7.19760038666667,0.06117780854304627,
1948e3ff0527ff04c61a30e3fc995208,drift-chicane,1600x352,32,20.0,0.25,834000,513,259,0.25,0_3_3,5 4 4 2 2,64_16,9_16,1.2,32,5 4 4 2 2,convnext pshuffel,none,relu,16,2,75,0.001,Fusion6,tanh,10,8,6,,,,,,10,1,2,24,124.18096153846153,28.019230769230777,0.9316730769230769,34.54385207692307,0.0037017997506503925,281.55846153846153,23.862307692307695,0.8005192307692308,0.0,0.008725751415253212,
b243c3b770c29fbd5279c3b1dad78347,horsejump-high,640x352,16,0.25,0.25,422000,645,148,0.75,0_3_3,5 4 4 2 2,64_16,9_16,1.2,32,5 4 4 2 2,convnext pshuffel,none,relu,16,2,100,0.001,Fusion6,tanh,10,8,6,8,2,24,0,3,,,,,837.0974000000001,18.9602,0.65496,0.0,0.060704510733485186,641.3754000000001,20.088,0.6630400000000001,0.0,0.05973538756370539,
