video_name,scene_number,resolution,square_size,blocks_to_remove,alpha,neighbor_length,ref_stride,subvideo_length,bitrate,server_runtime,client_runtime,mse_ori_mean,psnr_ori_mean,ssim_ori_mean,vmaf_ori_mean,mse_inp_mean,psnr_inp_mean,ssim_inp_mean,vmaf_inp_mean
Tears_of_Steel_4k,3,1920x1080,16,30,0.5,2,2,10,3567000,9,150,4.271833333333333,42.13833333333333,0.9735666666666667,98.08845843333333,244.47349999999997,24.6805,0.8452999999999999,11.805561149999999
Tears_of_Steel_4k,3,1920x1080,16,30,0.5,2,2,11,3567000,1,139,4.271833333333333,42.13833333333333,0.9735666666666667,98.08845843333333,244.4028333333334,24.680999999999997,0.8452999999999999,11.829780116666667
Tears_of_Steel_4k,3,1920x1080,16,30,0.5,2,2,10,3567000,9,151,4.272333333333333,42.13416666666668,0.9735166666666667,98.07082761666666,132.95083333333332,27.1135,0.9555166666666665,91.9252599
Tears_of_Steel_4k,3,1920x1072,16,30,0.5,2,2,10,3567000,10,148,4.593666666666667,41.74550000000001,0.9734499999999999,98.02175860000003,19.146833333333333,35.458666666666666,0.9603499999999999,93.14409133333334
Tears_of_Steel_4k,3,1920x1072,16,60,0.5,2,2,10,2445000,8,156,5.780500000000001,40.79583333333333,0.9675166666666665,95.49819761666667,103.69049999999999,28.275333333333332,0.9333833333333335,81.72494053333334
Tears_of_Steel_4k,3,1920x1072,16,50,0.5,2,2,10,2826000,9,152,5.292166666666668,41.15966666666667,0.9698333333333333,96.64091485,46.79416666666667,31.720166666666668,0.9471999999999999,86.14691676666665
Tears_of_Steel_4k,3,1920x1072,16,50,0.5,2,2,10,2826000,10,152,5.294500000000001,41.15616666666667,0.9698166666666667,96.64372823333333,46.81000000000001,31.714499999999997,0.9472333333333334,86.20039494999999
Tears_of_Steel_4k,3,1920x1072,16,50,0.5,2,2,10,2826000,22,174,5.2875,41.165166666666664,0.9698666666666667,96.67851263333334,47.10333333333333,31.67283333333334,0.9470666666666666,86.19091751666666
Tears_of_Steel_4k,3,1920x1072,16,50,0.5,2,2,10,2826000,20,178,5.284166666666667,41.160833333333336,0.9698833333333333,96.66783106666666,42.36966666666665,32.121,0.9473666666666667,86.74959133333333
Tears_of_Steel_4k,3,1280x720,16,50,0.5,2,2,10,853000,15,74,10.478833333333332,38.166500000000006,0.9518500000000001,81.29770669999999,242.05933333333334,24.53366666666666,0.8960833333333333,62.20493606666667
Tears_of_Steel_4k,3,1280x720,16,25,0.5,2,2,10,1538000,7,71,6.803833333333334,40.0085,0.9645333333333332,91.59695106666668,26.14933333333333,34.15666666666666,0.9484333333333334,82.55105941666667
Tears_of_Steel_4k,3,640x352,16,15,0.5,2,2,10,353000,9,31,18.746666666666663,35.557166666666674,0.9333000000000002,60.11711776666667,59.53633333333333,30.658333333333335,0.9174166666666667,52.77335236666667
Tears_of_Steel_4k,3,640x352,16,15,0.5,10,10,100,353000,1,21,18.746666666666663,35.557166666666674,0.9333000000000002,60.11711776666667,58.175,30.782166666666665,0.9177,52.8109027
Tears_of_Steel_4k,3,960x540,20,15,0.5,10,10,100,879000,10,40,10.026166666666667,38.344500000000004,0.9540666666666666,80.54062140000002,35.641,32.891000000000005,0.9321833333333334,70.41394366666667
Tears_of_Steel_4k,3,640x352,16,10,0.0,2,2,12,422000,9,48,16.31783333333333,36.16449999999999,0.9381666666666665,64.22704441666666,35.72133333333333,32.817,0.92495,56.851723650000004
Tears_of_Steel_4k,3,640x352,16,10,0.0,2,2,48,422000,2,63,16.31783333333333,36.16449999999999,0.9381666666666665,64.22704441666666,35.81816666666667,32.798833333333334,0.9248166666666665,56.859413249999996
Tears_of_Steel_4k,3,640x352,16,10,0.0,2,10,12,422000,1,30,16.31783333333333,36.16449999999999,0.9381666666666665,64.22704441666666,36.545833333333334,32.7445,0.9251166666666666,56.80829746666666
Tears_of_Steel_4k,3,640x352,16,10,0.0,2,10,48,422000,2,25,16.31783333333333,36.16449999999999,0.9381666666666665,64.22704441666666,35.939499999999995,32.80133333333334,0.9250333333333333,56.84380501666667
Tears_of_Steel_4k,3,640x352,16,10,0.0,10,2,12,422000,2,28,16.31783333333333,36.16449999999999,0.9381666666666665,64.22704441666666,35.29183333333333,32.86733333333333,0.9251333333333333,56.85668738333333
Tears_of_Steel_4k,3,640x352,16,10,0.0,10,2,48,422000,1,32,16.31783333333333,36.16449999999999,0.9381666666666665,64.22704441666666,35.487833333333334,32.845,0.9248999999999999,56.86851278333334
Tears_of_Steel_4k,3,640x352,16,10,0.0,10,10,12,422000,1,29,16.31783333333333,36.16449999999999,0.9381666666666665,64.22704441666666,35.43466666666667,32.8515,0.9251833333333332,56.85411261666666
Tears_of_Steel_4k,3,640x352,16,10,0.0,10,10,48,422000,1,30,16.31783333333333,36.16449999999999,0.9381666666666665,64.22704441666666,35.3115,32.86716666666667,0.9251166666666665,56.862728783333324
Tears_of_Steel_4k,3,640x352,16,10,0.5,2,2,12,422000,3,46,16.30616666666667,36.1675,0.9380666666666667,64.24949775,36.007666666666665,32.79666666666666,0.9267166666666669,58.46012651666667
Tears_of_Steel_4k,3,640x352,16,10,0.5,2,2,48,422000,1,59,16.30616666666667,36.1675,0.9380666666666667,64.24949775,35.882,32.800666666666665,0.9266000000000001,58.46307105
Tears_of_Steel_4k,3,640x352,16,10,0.5,2,10,12,422000,2,31,16.30616666666667,36.1675,0.9380666666666667,64.24949775,36.35616666666666,32.76,0.9269333333333335,58.42829215000002
Tears_of_Steel_4k,3,640x352,16,10,0.5,2,10,48,422000,1,33,16.30616666666667,36.1675,0.9380666666666667,64.24949775,35.72183333333333,32.8185,0.9269666666666668,58.46139551666668
Tears_of_Steel_4k,3,640x352,16,10,0.5,10,2,12,422000,2,28,16.30616666666667,36.1675,0.9380666666666667,64.24949775,35.6585,32.8385,0.9269666666666667,58.46860571666668
Tears_of_Steel_4k,3,640x352,16,10,0.5,10,2,48,422000,1,35,16.30616666666667,36.1675,0.9380666666666667,64.24949775,35.9955,32.80733333333333,0.9267000000000001,58.468225866666664
Tears_of_Steel_4k,3,640x352,16,10,0.5,10,10,12,422000,2,29,16.30616666666667,36.1675,0.9380666666666667,64.24949775,35.62683333333333,32.84016666666667,0.9269833333333335,58.46569753333333
Tears_of_Steel_4k,3,640x352,16,10,0.5,10,10,48,422000,2,29,16.30616666666667,36.1675,0.9380666666666667,64.24949775,35.61333333333333,32.8455,0.9269333333333333,58.47015833333334
Tears_of_Steel_4k,3,640x352,16,20,0.0,2,2,12,283000,4,41,22.364166666666673,34.7815,0.9267833333333332,54.8329776,104.90216666666669,28.1265,0.9011,44.93233686666667
Tears_of_Steel_4k,3,640x352,16,20,0.0,2,2,48,283000,2,62,22.364166666666673,34.7815,0.9267833333333332,54.8329776,98.4375,28.38183333333333,0.90085,44.955157983333336
Tears_of_Steel_4k,3,640x352,16,20,0.0,2,10,12,283000,1,32,22.364166666666673,34.7815,0.9267833333333332,54.8329776,113.01699999999998,27.889333333333337,0.9013833333333333,44.79724015
Tears_of_Steel_4k,3,640x352,16,20,0.0,2,10,48,283000,2,35,22.364166666666673,34.7815,0.9267833333333332,54.8329776,99.02383333333333,28.368,0.9018333333333334,44.87491931666667
Tears_of_Steel_4k,3,640x352,16,20,0.0,10,2,12,283000,1,28,22.364166666666673,34.7815,0.9267833333333332,54.8329776,99.878,28.404,0.9023833333333333,44.92781371666667
Tears_of_Steel_4k,3,640x352,16,20,0.0,10,2,48,283000,1,34,22.364166666666673,34.7815,0.9267833333333332,54.8329776,96.21500000000002,28.543000000000003,0.9015333333333334,44.99311221666666
Tears_of_Steel_4k,3,640x352,16,20,0.0,10,10,12,283000,2,29,22.364166666666673,34.7815,0.9267833333333332,54.8329776,101.57233333333333,28.334166666666665,0.9022499999999999,44.91734803333333
Tears_of_Steel_4k,3,640x352,16,20,0.0,10,10,48,283000,2,28,22.364166666666673,34.7815,0.9267833333333332,54.8329776,97.98666666666665,28.453500000000002,0.9023833333333332,44.937377233333336
Tears_of_Steel_4k,3,640x352,16,20,0.5,2,2,12,283000,4,45,22.226499999999998,34.809333333333335,0.92685,54.957887750000005,106.27583333333334,28.040833333333335,0.9023499999999999,46.37629054999999
Tears_of_Steel_4k,3,640x352,16,20,0.5,2,2,48,283000,2,64,22.226499999999998,34.809333333333335,0.92685,54.957887750000005,102.46883333333334,28.155000000000005,0.9017999999999998,46.40425833333334
Tears_of_Steel_4k,3,640x352,16,20,0.5,2,10,12,283000,2,32,22.226499999999998,34.809333333333335,0.92685,54.957887750000005,111.17266666666667,27.92366666666667,0.90315,46.27578113333334
Tears_of_Steel_4k,3,640x352,16,20,0.5,2,10,48,283000,2,34,22.226499999999998,34.809333333333335,0.92685,54.957887750000005,100.01749999999998,28.276000000000007,0.9031,46.35496146666666
Tears_of_Steel_4k,3,640x352,16,20,0.5,10,2,12,283000,1,29,22.226499999999998,34.809333333333335,0.92685,54.957887750000005,100.896,28.341999999999995,0.9039666666666667,46.407995166666666
Tears_of_Steel_4k,3,640x352,16,20,0.5,10,2,48,283000,1,34,22.226499999999998,34.809333333333335,0.92685,54.957887750000005,98.51666666666668,28.380000000000003,0.9030166666666665,46.443214266666665
Tears_of_Steel_4k,3,640x352,16,20,0.5,10,10,12,283000,2,28,22.226499999999998,34.809333333333335,0.92685,54.957887750000005,100.79616666666666,28.31116666666667,0.9040833333333332,46.405387366666666
Tears_of_Steel_4k,3,640x352,16,20,0.5,10,10,48,283000,2,30,22.226499999999998,34.809333333333335,0.92685,54.957887750000005,97.73466666666667,28.430833333333336,0.9039666666666667,46.42975925
Tears_of_Steel_4k,3,640x352,16,30,0.0,2,2,12,143000,2,45,39.05866666666667,32.33383333333334,0.9057000000000001,38.86921313333333,579.7625,20.66133333333333,0.8334166666666666,27.28771981666667
Tears_of_Steel_4k,3,640x352,16,30,0.0,2,2,48,143000,1,59,39.05866666666667,32.33383333333334,0.9057000000000001,38.86921313333333,553.5181666666666,20.8015,0.8258833333333334,27.512204150000002
Tears_of_Steel_4k,3,640x352,16,30,0.0,2,10,12,143000,2,29,39.05866666666667,32.33383333333334,0.9057000000000001,38.86921313333333,624.3155,20.374000000000002,0.8383333333333333,26.813114366666664
Tears_of_Steel_4k,3,640x352,16,30,0.0,2,10,48,143000,1,33,39.05866666666667,32.33383333333334,0.9057000000000001,38.86921313333333,601.6045000000001,20.483500000000003,0.8337500000000001,27.201110566666664
Tears_of_Steel_4k,3,640x352,16,30,0.0,10,2,12,143000,2,25,39.05866666666667,32.33383333333334,0.9057000000000001,38.86921313333333,500.7941666666666,21.28233333333333,0.8441499999999998,27.395829233333334
Tears_of_Steel_4k,3,640x352,16,30,0.0,10,2,48,143000,2,33,39.05866666666667,32.33383333333334,0.9057000000000001,38.86921313333333,512.4158333333334,21.1445,0.8386666666666668,27.565009033333336
Tears_of_Steel_4k,3,640x352,16,30,0.0,10,10,12,143000,2,27,39.05866666666667,32.33383333333334,0.9057000000000001,38.86921313333333,516.7905,21.143666666666668,0.8442999999999999,27.337238183333337
Tears_of_Steel_4k,3,640x352,16,30,0.0,10,10,48,143000,1,31,39.05866666666667,32.33383333333334,0.9057000000000001,38.86921313333333,493.2446666666667,21.31333333333334,0.8454333333333334,27.476139866666667
Tears_of_Steel_4k,3,640x352,16,30,0.5,2,2,12,143000,4,46,38.777,32.371833333333335,0.9057999999999999,39.44202596666666,687.4736666666666,19.886833333333332,0.8265,29.508415116666665
Tears_of_Steel_4k,3,640x352,16,30,0.5,2,2,48,143000,2,63,38.777,32.371833333333335,0.9057999999999999,39.44202596666666,711.1013333333335,19.7095,0.8193666666666666,29.66091783333333
Tears_of_Steel_4k,3,640x352,16,30,0.5,2,10,12,143000,1,31,38.777,32.371833333333335,0.9057999999999999,39.44202596666666,699.2423333333334,19.87633333333333,0.8346833333333332,29.240881
Tears_of_Steel_4k,3,640x352,16,30,0.5,2,10,48,143000,1,33,38.777,32.371833333333335,0.9057999999999999,39.44202596666666,755.1981666666666,19.462166666666665,0.8274833333333333,29.464581133333333
Tears_of_Steel_4k,3,640x352,16,30,0.5,10,2,12,143000,1,29,38.777,32.371833333333335,0.9057999999999999,39.44202596666666,588.2389999999998,20.5665,0.8386666666666666,29.569465416666667
Tears_of_Steel_4k,3,640x352,16,30,0.5,10,2,48,143000,1,34,38.777,32.371833333333335,0.9057999999999999,39.44202596666666,663.1758333333332,19.99933333333333,0.8323833333333333,29.682719083333335
Tears_of_Steel_4k,3,640x352,16,30,0.5,10,10,12,143000,1,30,38.777,32.371833333333335,0.9057999999999999,39.44202596666666,625.2016666666666,20.27966666666667,0.8383333333333333,29.555143
Tears_of_Steel_4k,3,640x352,16,30,0.5,10,10,48,143000,1,30,38.777,32.371833333333335,0.9057999999999999,39.44202596666666,650.927,20.086999999999996,0.8385333333333331,29.60775355
Tears_of_Steel_4k,3,640x360,20,10,0.0,2,2,12,396000,8,40,17.235000000000003,35.9375,0.9363,62.861767633333336,48.356500000000004,31.566333333333333,0.9166333333333333,52.311284266666675
Tears_of_Steel_4k,3,640x360,20,10,0.0,2,2,48,396000,1,56,17.235000000000003,35.9375,0.9363,62.861767633333336,48.096500000000006,31.56683333333333,0.9163666666666666,52.336968750000004
Tears_of_Steel_4k,3,640x360,20,10,0.0,2,10,12,396000,1,26,17.235000000000003,35.9375,0.9363,62.861767633333336,51.32416666666667,31.367999999999995,0.9167500000000001,52.25215526666666
Tears_of_Steel_4k,3,640x360,20,10,0.0,2,10,48,396000,2,30,17.235000000000003,35.9375,0.9363,62.861767633333336,48.41116666666667,31.563333333333336,0.9167666666666668,52.30076233333333
Tears_of_Steel_4k,3,640x360,20,10,0.0,10,2,12,396000,2,25,17.235000000000003,35.9375,0.9363,62.861767633333336,48.65033333333333,31.554499999999997,0.9169,52.31704698333332
Tears_of_Steel_4k,3,640x360,20,10,0.0,10,2,48,396000,2,27,17.235000000000003,35.9375,0.9363,62.861767633333336,48.12633333333334,31.588166666666666,0.9164666666666665,52.33428928333333
Tears_of_Steel_4k,3,640x360,20,10,0.0,10,10,12,396000,1,27,17.235000000000003,35.9375,0.9363,62.861767633333336,49.044000000000004,31.526333333333334,0.9169166666666668,52.308196566666666
Tears_of_Steel_4k,3,640x360,20,10,0.0,10,10,48,396000,1,26,17.235000000000003,35.9375,0.9363,62.861767633333336,48.16833333333334,31.594499999999996,0.91685,52.320077133333335
Tears_of_Steel_4k,3,640x360,20,10,0.5,2,2,12,396000,4,37,17.317333333333337,35.914833333333334,0.9361166666666667,62.547101383333334,50.78549999999999,31.334999999999997,0.9186499999999999,53.93413704999999
Tears_of_Steel_4k,3,640x360,20,10,0.5,2,2,48,396000,1,55,17.317333333333337,35.914833333333334,0.9361166666666667,62.547101383333334,49.31766666666667,31.45,0.9185833333333332,53.9444937
Tears_of_Steel_4k,3,640x360,20,10,0.5,2,10,12,396000,2,27,17.317333333333337,35.914833333333334,0.9361166666666667,62.547101383333334,51.86683333333333,31.27266666666667,0.9189666666666666,53.88650406666667
Tears_of_Steel_4k,3,640x360,20,10,0.5,2,10,48,396000,1,32,17.317333333333337,35.914833333333334,0.9361166666666667,62.547101383333334,49.988500000000016,31.39683333333333,0.9189833333333333,53.927169283333335
Tears_of_Steel_4k,3,640x360,20,10,0.5,10,2,12,396000,1,25,17.317333333333337,35.914833333333334,0.9361166666666667,62.547101383333334,50.48866666666667,31.39833333333333,0.9190166666666666,53.947771083333336
Tears_of_Steel_4k,3,640x360,20,10,0.5,10,2,48,396000,2,28,17.317333333333337,35.914833333333334,0.9361166666666667,62.547101383333334,49.78999999999999,31.449833333333334,0.9186166666666666,53.95137261666666
Tears_of_Steel_4k,3,640x360,20,10,0.5,10,10,12,396000,1,27,17.317333333333337,35.914833333333334,0.9361166666666667,62.547101383333334,50.75066666666668,31.376166666666666,0.91905,53.94036321666667
Tears_of_Steel_4k,3,640x360,20,10,0.5,10,10,48,396000,2,26,17.317333333333337,35.914833333333334,0.9361166666666667,62.547101383333334,50.02516666666667,31.437,0.9189833333333334,53.948769350000006
Tears_of_Steel_4k,3,640x352,16,10,1.0,2,2,12,422000,4,43,16.285166666666665,36.17066666666667,0.93815,64.45827398333334,34.67566666666667,32.885333333333335,0.9272000000000001,58.14492726666666
Tears_of_Steel_4k,3,640x352,16,10,1.0,2,2,48,422000,2,53,16.285166666666665,36.17066666666667,0.93815,64.45827398333334,34.72416666666667,32.876333333333335,0.9270333333333334,58.143830783333335
Tears_of_Steel_4k,3,640x352,16,10,1.0,2,10,12,422000,1,27,16.285166666666665,36.17066666666667,0.93815,64.45827398333334,34.93266666666667,32.855666666666664,0.9274333333333333,58.11797573333333
Tears_of_Steel_4k,3,640x352,16,10,1.0,2,10,48,422000,2,27,16.285166666666665,36.17066666666667,0.93815,64.45827398333334,34.79866666666667,32.872,0.9273333333333333,58.13887826666667
Tears_of_Steel_4k,3,640x352,16,10,1.0,10,2,12,422000,2,27,16.285166666666665,36.17066666666667,0.93815,64.45827398333334,34.31399999999999,32.933166666666665,0.9274000000000001,58.15784825000001
Tears_of_Steel_4k,3,640x352,16,10,1.0,10,2,48,422000,1,28,16.285166666666665,36.17066666666667,0.93815,64.45827398333334,34.461333333333336,32.915166666666664,0.9270666666666666,58.15645996666667
Tears_of_Steel_4k,3,640x352,16,10,1.0,10,10,12,422000,2,26,16.285166666666665,36.17066666666667,0.93815,64.45827398333334,34.26466666666667,32.934333333333335,0.9274333333333333,58.1532774
Tears_of_Steel_4k,3,640x352,16,10,1.0,10,10,48,422000,2,27,16.285166666666665,36.17066666666667,0.93815,64.45827398333334,34.33033333333333,32.931333333333335,0.9273333333333333,58.15505985
Tears_of_Steel_4k,3,640x352,16,20,1.0,2,2,12,283000,3,38,22.3385,34.789833333333334,0.9269333333333333,54.733584516666674,110.66216666666668,27.841999999999995,0.90255,46.59164721666668
Tears_of_Steel_4k,3,640x352,16,20,1.0,2,2,48,283000,2,55,22.3385,34.789833333333334,0.9269333333333333,54.733584516666674,105.91516666666666,28.010833333333334,0.9020333333333334,46.618325950000006
Tears_of_Steel_4k,3,640x352,16,20,1.0,2,10,12,283000,2,27,22.3385,34.789833333333334,0.9269333333333333,54.733584516666674,112.89383333333335,27.8025,0.9035666666666665,46.490169066666674
Tears_of_Steel_4k,3,640x352,16,20,1.0,2,10,48,283000,1,31,22.3385,34.789833333333334,0.9269333333333333,54.733584516666674,102.64866666666667,28.160000000000004,0.9034166666666665,46.57161803333334
Tears_of_Steel_4k,3,640x352,16,20,1.0,10,2,12,283000,1,25,22.3385,34.789833333333334,0.9269333333333333,54.733584516666674,105.94683333333332,28.098666666666666,0.9039333333333334,46.614116533333345
Tears_of_Steel_4k,3,640x352,16,20,1.0,10,2,48,283000,2,30,22.3385,34.789833333333334,0.9269333333333333,54.733584516666674,100.53766666666668,28.295166666666667,0.9030333333333334,46.64599716666667
Tears_of_Steel_4k,3,640x352,16,20,1.0,10,10,12,283000,2,25,22.3385,34.789833333333334,0.9269333333333333,54.733584516666674,105.53083333333333,28.117500000000003,0.90405,46.60856975
Tears_of_Steel_4k,3,640x352,16,20,1.0,10,10,48,283000,1,27,22.3385,34.789833333333334,0.9269333333333333,54.733584516666674,101.1475,28.280666666666665,0.904,46.635694149999985
Tears_of_Steel_4k,3,640x352,16,30,1.0,2,2,12,143000,2,42,39.07516666666667,32.32983333333333,0.9056666666666667,38.81119881666667,683.492,19.85666666666667,0.8268333333333333,30.856318783333332
Tears_of_Steel_4k,3,640x352,16,30,1.0,2,2,48,143000,2,57,39.07516666666667,32.32983333333333,0.9056666666666667,38.81119881666667,717.3036666666667,19.65083333333333,0.8206666666666667,30.92598493333333
Tears_of_Steel_4k,3,640x352,16,30,1.0,2,10,12,143000,2,26,39.07516666666667,32.32983333333333,0.9056666666666667,38.81119881666667,655.2206666666666,20.08866666666666,0.83515,30.670887166666663
Tears_of_Steel_4k,3,640x352,16,30,1.0,2,10,48,143000,2,30,39.07516666666667,32.32983333333333,0.9056666666666667,38.81119881666667,724.2288333333335,19.651833333333332,0.8293833333333333,30.824108683333336
Tears_of_Steel_4k,3,640x352,16,30,1.0,10,2,12,143000,2,28,39.07516666666667,32.32983333333333,0.9056666666666667,38.81119881666667,601.9916666666667,20.47283333333333,0.8390666666666665,30.871135266666663
Tears_of_Steel_4k,3,640x352,16,30,1.0,10,2,48,143000,1,31,39.07516666666667,32.32983333333333,0.9056666666666667,38.81119881666667,668.3486666666668,19.959333333333333,0.8326333333333333,30.94413541666667
Tears_of_Steel_4k,3,640x352,16,30,1.0,10,10,12,143000,1,26,39.07516666666667,32.32983333333333,0.9056666666666667,38.81119881666667,631.1451666666667,20.234,0.8385999999999998,30.87387778333333
Tears_of_Steel_4k,3,640x352,16,30,1.0,10,10,48,143000,1,26,39.07516666666667,32.32983333333333,0.9056666666666667,38.81119881666667,644.5391666666667,20.124666666666666,0.8387166666666666,30.914716499999997
Tears_of_Steel_4k,3,640x360,20,10,1.0,2,2,12,396000,3,40,17.336666666666666,35.90866666666667,0.9359500000000001,62.70612940000001,48.50716666666667,31.543833333333332,0.9196500000000002,53.69602788333334
Tears_of_Steel_4k,3,640x360,20,10,1.0,2,2,48,396000,1,58,17.336666666666666,35.90866666666667,0.9359500000000001,62.70612940000001,47.945000000000014,31.5735,0.9194333333333333,53.701871799999985
Tears_of_Steel_4k,3,640x360,20,10,1.0,2,10,12,396000,1,30,17.336666666666666,35.90866666666667,0.9359500000000001,62.70612940000001,48.73633333333333,31.51733333333333,0.9200500000000001,53.657741216666665
Tears_of_Steel_4k,3,640x360,20,10,1.0,2,10,48,396000,1,29,17.336666666666666,35.90866666666667,0.9359500000000001,62.70612940000001,47.92933333333333,31.578000000000007,0.9199000000000002,53.68325404999999
Tears_of_Steel_4k,3,640x360,20,10,1.0,10,2,12,396000,2,25,17.336666666666666,35.90866666666667,0.9359500000000001,62.70612940000001,47.98233333333334,31.611166666666673,0.9199833333333334,53.707978183333324
Tears_of_Steel_4k,3,640x360,20,10,1.0,10,2,48,396000,1,35,17.336666666666666,35.90866666666667,0.9359500000000001,62.70612940000001,47.29116666666667,31.641833333333338,0.9196333333333333,53.711131466666664
Tears_of_Steel_4k,3,640x360,20,10,1.0,10,10,12,396000,2,26,17.336666666666666,35.90866666666667,0.9359500000000001,62.70612940000001,47.52066666666666,31.62566666666667,0.9200333333333334,53.700612
Tears_of_Steel_4k,3,640x360,20,10,1.0,10,10,48,396000,2,25,17.336666666666666,35.90866666666667,0.9359500000000001,62.70612940000001,47.05516666666666,31.66183333333333,0.9200000000000002,53.71026223333334
Tears_of_Steel_4k,3,640x360,20,20,0.0,2,2,12,218000,4,40,28.297333333333327,33.757,0.9182166666666666,48.22738249999999,251.96383333333333,24.267500000000002,0.8712333333333336,34.347373866666665
Tears_of_Steel_4k,3,640x360,20,20,0.0,2,2,48,218000,1,55,28.297333333333327,33.757,0.9182166666666666,48.22738249999999,211.501,24.98583333333334,0.8723500000000001,34.472297899999994
Tears_of_Steel_4k,3,640x360,20,20,0.0,2,10,12,218000,2,29,28.297333333333327,33.757,0.9182166666666666,48.22738249999999,293.90650000000005,23.627333333333333,0.8722666666666666,34.11196805
Tears_of_Steel_4k,3,640x360,20,20,0.0,2,10,48,218000,1,30,28.297333333333327,33.757,0.9182166666666666,48.22738249999999,231.86166666666665,24.606333333333332,0.8739333333333332,34.273960366666664
Tears_of_Steel_4k,3,640x360,20,20,0.0,10,2,12,218000,1,25,28.297333333333327,33.757,0.9182166666666666,48.22738249999999,247.99466666666666,24.371666666666666,0.8744666666666667,34.377926499999994
Tears_of_Steel_4k,3,640x360,20,20,0.0,10,2,48,218000,1,28,28.297333333333327,33.757,0.9182166666666666,48.22738249999999,216.43166666666667,24.936999999999998,0.8743000000000001,34.488775716666666
Tears_of_Steel_4k,3,640x360,20,20,0.0,10,10,12,218000,1,25,28.297333333333327,33.757,0.9182166666666666,48.22738249999999,256.64866666666666,24.220333333333325,0.8745166666666667,34.35652815
Tears_of_Steel_4k,3,640x360,20,20,0.0,10,10,48,218000,2,26,28.297333333333327,33.757,0.9182166666666666,48.22738249999999,235.92533333333333,24.581666666666667,0.8751166666666667,34.40099061666667
Tears_of_Steel_4k,3,640x360,20,20,0.5,2,2,12,218000,4,37,27.9605,33.806999999999995,0.9182666666666666,48.805443866666664,263.10200000000003,24.08066666666667,0.8729833333333334,37.25222996666668
Tears_of_Steel_4k,3,640x360,20,20,0.5,2,2,48,218000,2,59,27.9605,33.806999999999995,0.9182666666666666,48.805443866666664,217.87366666666674,24.88783333333334,0.8740333333333333,37.388326966666675
Tears_of_Steel_4k,3,640x360,20,20,0.5,2,10,12,218000,1,29,27.9605,33.806999999999995,0.9182666666666666,48.805443866666664,311.3568333333333,23.378833333333333,0.8744333333333335,37.04614621666667
Tears_of_Steel_4k,3,640x360,20,20,0.5,2,10,48,218000,1,28,27.9605,33.806999999999995,0.9182666666666666,48.805443866666664,244.61000000000004,24.377833333333335,0.8759333333333333,37.25147661666667
Tears_of_Steel_4k,3,640x360,20,20,0.5,10,2,12,218000,1,27,27.9605,33.806999999999995,0.9182666666666666,48.805443866666664,259.94666666666666,24.204500000000003,0.8770666666666668,37.28743363333334
Tears_of_Steel_4k,3,640x360,20,20,0.5,10,2,48,218000,1,31,27.9605,33.806999999999995,0.9182666666666666,48.805443866666664,226.0355,24.780166666666673,0.8766333333333333,37.3845215
Tears_of_Steel_4k,3,640x360,20,20,0.5,10,10,12,218000,1,27,27.9605,33.806999999999995,0.9182666666666666,48.805443866666664,266.41566666666665,24.082666666666665,0.8770166666666669,37.24812541666667
Tears_of_Steel_4k,3,640x360,20,20,0.5,10,10,48,218000,2,28,27.9605,33.806999999999995,0.9182666666666666,48.805443866666664,242.85616666666667,24.476833333333335,0.8778333333333334,37.33459851666667
Tears_of_Steel_4k,3,640x360,20,20,1.0,2,2,12,218000,4,40,28.201666666666664,33.7765,0.9182666666666666,48.36425996666667,246.16466666666665,24.371833333333335,0.8739666666666666,38.44064938333334
Tears_of_Steel_4k,3,640x360,20,20,1.0,2,2,48,218000,2,55,28.201666666666664,33.7765,0.9182666666666666,48.36425996666667,205.47566666666668,25.159833333333335,0.8743333333333332,38.56338008333333
Tears_of_Steel_4k,3,640x360,20,20,1.0,2,10,12,218000,1,27,28.201666666666664,33.7765,0.9182666666666666,48.36425996666667,286.3103333333333,23.779999999999998,0.8762166666666666,38.25741456666666
Tears_of_Steel_4k,3,640x360,20,20,1.0,2,10,48,218000,1,31,28.201666666666664,33.7765,0.9182666666666666,48.36425996666667,230.7605,24.651500000000002,0.8768,38.45347408333334
Tears_of_Steel_4k,3,640x360,20,20,1.0,10,2,12,218000,2,26,28.201666666666664,33.7765,0.9182666666666666,48.36425996666667,246.40616666666662,24.406166666666667,0.8779166666666668,38.486851116666664
Tears_of_Steel_4k,3,640x360,20,20,1.0,10,2,48,218000,2,31,28.201666666666664,33.7765,0.9182666666666666,48.36425996666667,207.01566666666662,25.140666666666668,0.8776166666666666,38.572355050000006
Tears_of_Steel_4k,3,640x360,20,20,1.0,10,10,12,218000,2,26,28.201666666666664,33.7765,0.9182666666666666,48.36425996666667,252.65283333333338,24.282999999999998,0.878,38.482996933333325
Tears_of_Steel_4k,3,640x360,20,20,1.0,10,10,48,218000,2,26,28.201666666666664,33.7765,0.9182666666666666,48.36425996666667,234.42333333333335,24.593833333333336,0.8784166666666666,38.54134116666667
Tears_of_Steel_4k,3,640x360,20,30,0.0,2,2,12,39000,2,42,138.29033333333334,26.807499999999997,0.85355,4.8612938166666675,3150.3983333333335,13.4965,0.71925,8.3943089
Tears_of_Steel_4k,3,640x360,20,30,0.0,2,2,48,39000,2,56,138.29033333333334,26.807499999999997,0.85355,4.8612938166666675,3456.936333333333,13.11433333333333,0.7012666666666667,8.885358133333336
Tears_of_Steel_4k,3,640x360,20,30,0.0,2,10,12,39000,1,29,138.29033333333334,26.807499999999997,0.85355,4.8612938166666675,2484.4941666666664,14.437833333333332,0.7195166666666666,7.922799916666666
Tears_of_Steel_4k,3,640x360,20,30,0.0,2,10,48,39000,1,29,138.29033333333334,26.807499999999997,0.85355,4.8612938166666675,2968.246833333333,13.729833333333334,0.7240166666666668,8.153099633333335
Tears_of_Steel_4k,3,640x360,20,30,0.0,10,2,12,39000,2,27,138.29033333333334,26.807499999999997,0.85355,4.8612938166666675,3220.0815000000002,13.448666666666666,0.7284666666666666,8.54149275
Tears_of_Steel_4k,3,640x360,20,30,0.0,10,2,48,39000,2,32,138.29033333333334,26.807499999999997,0.85355,4.8612938166666675,3175.7960000000003,13.481999999999998,0.7257833333333334,9.095811566666665
Tears_of_Steel_4k,3,640x360,20,30,0.0,10,10,12,39000,2,26,138.29033333333334,26.807499999999997,0.85355,4.8612938166666675,3291.082999999999,13.361666666666663,0.7267,8.495514966666668
Tears_of_Steel_4k,3,640x360,20,30,0.0,10,10,48,39000,1,27,138.29033333333334,26.807499999999997,0.85355,4.8612938166666675,3180.5028333333335,13.5025,0.7316,8.753319733333333
Tears_of_Steel_4k,3,640x360,20,30,0.5,2,2,12,39000,2,39,136.76833333333335,26.85183333333334,0.8539833333333332,4.790583866666667,3444.8764999999994,13.033666666666667,0.71405,10.855427249999998
Tears_of_Steel_4k,3,640x360,20,30,0.5,2,2,48,39000,1,57,136.76833333333335,26.85183333333334,0.8539833333333332,4.790583866666667,4154.503833333332,12.273000000000001,0.6926666666666667,11.167864233333335
Tears_of_Steel_4k,3,640x360,20,30,0.5,2,10,12,39000,2,29,136.76833333333335,26.85183333333334,0.8539833333333332,4.790583866666667,2660.3285,14.141666666666667,0.70975,10.352844549999999
Tears_of_Steel_4k,3,640x360,20,30,0.5,2,10,48,39000,1,30,136.76833333333335,26.85183333333334,0.8539833333333332,4.790583866666667,3155.9378333333343,13.421999999999999,0.7185999999999998,10.6082232
Tears_of_Steel_4k,3,640x360,20,30,0.5,10,2,12,39000,1,26,136.76833333333335,26.85183333333334,0.8539833333333332,4.790583866666667,3325.620833333334,13.223999999999998,0.7202500000000001,11.041345066666668
Tears_of_Steel_4k,3,640x360,20,30,0.5,10,2,48,39000,2,28,136.76833333333335,26.85183333333334,0.8539833333333332,4.790583866666667,3820.764,12.615666666666668,0.7138833333333333,11.382242449999998
Tears_of_Steel_4k,3,640x360,20,30,0.5,10,10,12,39000,1,25,136.76833333333335,26.85183333333334,0.8539833333333332,4.790583866666667,3264.718999999999,13.3125,0.7182000000000001,10.955352699999999
Tears_of_Steel_4k,3,640x360,20,30,0.5,10,10,48,39000,1,26,136.76833333333335,26.85183333333334,0.8539833333333332,4.790583866666667,3601.3034999999995,12.877666666666666,0.7234166666666666,11.106891133333335
Tears_of_Steel_4k,3,640x360,20,30,1.0,2,2,12,39000,3,39,136.57299999999998,26.865999999999996,0.8537833333333336,4.62468715,3317.4303333333332,13.201333333333332,0.7125833333333332,11.090387316666668
Tears_of_Steel_4k,3,640x360,20,30,1.0,2,2,48,39000,1,58,136.57299999999998,26.865999999999996,0.8537833333333336,4.62468715,4023.925166666667,12.410666666666664,0.6918333333333333,11.499609233333333
Tears_of_Steel_4k,3,640x360,20,30,1.0,2,10,12,39000,1,29,136.57299999999998,26.865999999999996,0.8537833333333336,4.62468715,2385.8501666666666,14.639999999999997,0.7127166666666667,10.530558116666667
Tears_of_Steel_4k,3,640x360,20,30,1.0,2,10,48,39000,1,33,136.57299999999998,26.865999999999996,0.8537833333333336,4.62468715,2888.8473333333336,13.774666666666668,0.72005,10.8446682
Tears_of_Steel_4k,3,640x360,20,30,1.0,10,2,12,39000,2,26,136.57299999999998,26.865999999999996,0.8537833333333336,4.62468715,3302.932166666667,13.327999999999996,0.7180500000000001,11.313542233333333
Tears_of_Steel_4k,3,640x360,20,30,1.0,10,2,48,39000,1,30,136.57299999999998,26.865999999999996,0.8537833333333336,4.62468715,3547.439333333333,12.911833333333334,0.7166666666666667,11.655718333333333
Tears_of_Steel_4k,3,640x360,20,30,1.0,10,10,12,39000,2,26,136.57299999999998,26.865999999999996,0.8537833333333336,4.62468715,3292.5105,13.372666666666666,0.7158999999999999,11.241243983333334
Tears_of_Steel_4k,3,640x360,20,30,1.0,10,10,48,39000,2,27,136.57299999999998,26.865999999999996,0.8537833333333336,4.62468715,3238.845666666667,13.291500000000003,0.7250166666666668,11.512073183333333
Tears_of_Steel_4k,3,960x528,16,10,0.0,2,2,12,1037000,11,68,8.887333333333336,38.86116666666667,0.9576499999999998,83.55167780000002,19.717000000000002,35.306666666666665,0.9483666666666667,79.24396286666665
Tears_of_Steel_4k,3,960x528,16,10,0.0,2,2,48,1037000,2,117,8.887333333333336,38.86116666666667,0.9576499999999998,83.55167780000002,19.77616666666667,35.29533333333333,0.9482666666666668,79.2465237
Tears_of_Steel_4k,3,960x528,16,10,0.0,2,10,12,1037000,2,44,8.887333333333336,38.86116666666667,0.9576499999999998,83.55167780000002,19.763500000000004,35.29916666666667,0.9484833333333333,79.22800248333331
Tears_of_Steel_4k,3,960x528,16,10,0.0,2,10,48,1037000,2,71,8.887333333333336,38.86116666666667,0.9576499999999998,83.55167780000002,19.732499999999998,35.30583333333334,0.94845,79.24538836666666
Tears_of_Steel_4k,3,960x528,16,10,0.0,10,2,12,1037000,2,45,8.887333333333336,38.86116666666667,0.9576499999999998,83.55167780000002,19.509333333333338,35.352333333333334,0.9484833333333333,79.27331671666664
Tears_of_Steel_4k,3,960x528,16,10,0.0,10,2,48,1037000,2,58,8.887333333333336,38.86116666666667,0.9576499999999998,83.55167780000002,19.585833333333333,35.3385,0.9482833333333333,79.26717571666664
Tears_of_Steel_4k,3,960x528,16,10,0.0,10,10,12,1037000,2,45,8.887333333333336,38.86116666666667,0.9576499999999998,83.55167780000002,19.50016666666667,35.352833333333336,0.9485,79.27218090000001
Tears_of_Steel_4k,3,960x528,16,10,0.0,10,10,48,1037000,2,45,8.887333333333336,38.86116666666667,0.9576499999999998,83.55167780000002,19.497666666666667,35.354000000000006,0.9484666666666667,79.27568191666664
Tears_of_Steel_4k,3,960x528,16,10,0.5,2,2,12,1037000,6,72,8.915666666666665,38.85233333333334,0.9576166666666667,83.42170513333332,19.701500000000003,35.297000000000004,0.9490500000000002,79.52882955000001
Tears_of_Steel_4k,3,960x528,16,10,0.5,2,2,48,1037000,2,123,8.915666666666665,38.85233333333334,0.9576166666666667,83.42170513333332,19.78683333333333,35.279666666666664,0.9489666666666668,79.5316324
Tears_of_Steel_4k,3,960x528,16,10,0.5,2,10,12,1037000,2,47,8.915666666666665,38.85233333333334,0.9576166666666667,83.42170513333332,19.752333333333336,35.288,0.9491666666666667,79.51815198333335
Tears_of_Steel_4k,3,960x528,16,10,0.5,2,10,48,1037000,2,55,8.915666666666665,38.85233333333334,0.9576166666666667,83.42170513333332,19.750833333333333,35.28866666666667,0.9491500000000002,79.53255163333334
Tears_of_Steel_4k,3,960x528,16,10,0.5,10,2,12,1037000,3,44,8.915666666666665,38.85233333333334,0.9576166666666667,83.42170513333332,19.521500000000007,35.341166666666666,0.9491666666666667,79.5543989
Tears_of_Steel_4k,3,960x528,16,10,0.5,10,2,48,1037000,2,59,8.915666666666665,38.85233333333334,0.9576166666666667,83.42170513333332,19.618333333333332,35.32233333333333,0.9490000000000002,79.54761718333334
Tears_of_Steel_4k,3,960x528,16,10,0.5,10,10,12,1037000,2,44,8.915666666666665,38.85233333333334,0.9576166666666667,83.42170513333332,19.527833333333337,35.3395,0.9491666666666667,79.5537067
Tears_of_Steel_4k,3,960x528,16,10,0.5,10,10,48,1037000,2,45,8.915666666666665,38.85233333333334,0.9576166666666667,83.42170513333332,19.535333333333334,35.338499999999996,0.9491333333333335,79.55553235
Tears_of_Steel_4k,3,960x528,16,10,1.0,2,2,12,1037000,7,71,8.927666666666669,38.83833333333334,0.9574833333333334,83.4226314,20.060000000000006,35.22616666666667,0.9483333333333334,78.70540576666666
Tears_of_Steel_4k,3,960x528,16,10,1.0,2,2,48,1037000,2,124,8.927666666666669,38.83833333333334,0.9574833333333334,83.4226314,20.166000000000004,35.20333333333333,0.9482,78.70527728333333
Tears_of_Steel_4k,3,960x528,16,10,1.0,2,10,12,1037000,2,47,8.927666666666669,38.83833333333334,0.9574833333333334,83.4226314,19.96883333333334,35.24383333333333,0.9485,78.71141316666667
Tears_of_Steel_4k,3,960x528,16,10,1.0,2,10,48,1037000,2,59,8.927666666666669,38.83833333333334,0.9574833333333334,83.4226314,20.013333333333332,35.23350000000001,0.9484166666666667,78.7153936
Tears_of_Steel_4k,3,960x528,16,10,1.0,10,2,12,1037000,2,45,8.927666666666669,38.83833333333334,0.9574833333333334,83.4226314,19.8045,35.279833333333336,0.9484666666666667,78.73936665000001
Tears_of_Steel_4k,3,960x528,16,10,1.0,10,2,48,1037000,2,60,8.927666666666669,38.83833333333334,0.9574833333333334,83.4226314,19.9255,35.25516666666667,0.9482833333333333,78.72996000000002
Tears_of_Steel_4k,3,960x528,16,10,1.0,10,10,12,1037000,2,43,8.927666666666669,38.83833333333334,0.9574833333333334,83.4226314,19.78733333333333,35.28066666666667,0.9484666666666667,78.74078988333332
Tears_of_Steel_4k,3,960x528,16,10,1.0,10,10,48,1037000,2,45,8.927666666666669,38.83833333333334,0.9574833333333334,83.4226314,19.794333333333334,35.280166666666666,0.9484666666666667,78.74033744999998
Tears_of_Steel_4k,3,960x528,16,20,0.0,2,2,12,834000,6,75,10.4035,38.182166666666674,0.9529666666666666,79.34100376666669,34.66816666666667,32.953833333333336,0.9355000000000001,70.30164443333334
Tears_of_Steel_4k,3,960x528,16,20,0.0,2,2,48,834000,2,125,10.4035,38.182166666666674,0.9529666666666666,79.34100376666669,34.98233333333334,32.92583333333334,0.9350166666666666,70.30078636666667
Tears_of_Steel_4k,3,960x528,16,20,0.0,2,10,12,834000,2,46,10.4035,38.182166666666674,0.9529666666666666,79.34100376666669,35.9085,32.8225,0.9358833333333334,70.22932826666668
Tears_of_Steel_4k,3,960x528,16,20,0.0,2,10,48,834000,2,55,10.4035,38.182166666666674,0.9529666666666666,79.34100376666669,34.77883333333333,32.95916666666666,0.9357000000000001,70.28799398333334
Tears_of_Steel_4k,3,960x528,16,20,0.0,10,2,12,834000,2,46,10.4035,38.182166666666674,0.9529666666666666,79.34100376666669,33.890833333333326,33.06783333333333,0.9360999999999999,70.34371974999999
Tears_of_Steel_4k,3,960x528,16,20,0.0,10,2,48,834000,3,59,10.4035,38.182166666666674,0.9529666666666666,79.34100376666669,35.166000000000004,32.920833333333334,0.9354500000000001,70.32191841666666
Tears_of_Steel_4k,3,960x528,16,20,0.0,10,10,12,834000,2,45,10.4035,38.182166666666674,0.9529666666666666,79.34100376666669,34.3,33.01516666666667,0.9361166666666667,70.3362166
Tears_of_Steel_4k,3,960x528,16,20,0.0,10,10,48,834000,3,44,10.4035,38.182166666666674,0.9529666666666666,79.34100376666669,34.445166666666665,33.01033333333333,0.9359500000000001,70.34298706666667
Tears_of_Steel_4k,3,960x528,16,20,0.5,2,2,12,834000,6,73,10.347000000000001,38.202833333333345,0.9531833333333332,79.61587035,35.542333333333325,32.84166666666667,0.9361166666666667,70.88622755000002
Tears_of_Steel_4k,3,960x528,16,20,0.5,2,2,48,834000,2,129,10.347000000000001,38.202833333333345,0.9531833333333332,79.61587035,34.88366666666666,32.92433333333333,0.9358,70.89683176666668
Tears_of_Steel_4k,3,960x528,16,20,0.5,2,10,12,834000,2,50,10.347000000000001,38.202833333333345,0.9531833333333332,79.61587035,36.88633333333333,32.70883333333333,0.9366500000000001,70.82200923333333
Tears_of_Steel_4k,3,960x528,16,20,0.5,2,10,48,834000,3,60,10.347000000000001,38.202833333333345,0.9531833333333332,79.61587035,34.9095,32.92133333333334,0.9363833333333333,70.88879313333334
Tears_of_Steel_4k,3,960x528,16,20,0.5,10,2,12,834000,3,46,10.347000000000001,38.202833333333345,0.9531833333333332,79.61587035,34.7975,32.951499999999996,0.9367833333333333,70.93269943333334
Tears_of_Steel_4k,3,960x528,16,20,0.5,10,2,48,834000,3,59,10.347000000000001,38.202833333333345,0.9531833333333332,79.61587035,35.111833333333344,32.922,0.9361833333333335,70.91765098333332
Tears_of_Steel_4k,3,960x528,16,20,0.5,10,10,12,834000,3,48,10.347000000000001,38.202833333333345,0.9531833333333332,79.61587035,35.063833333333335,32.9145,0.9368166666666667,70.92832709999999
Tears_of_Steel_4k,3,960x528,16,20,0.5,10,10,48,834000,2,48,10.347000000000001,38.202833333333345,0.9531833333333332,79.61587035,34.59433333333333,32.969833333333334,0.9367833333333333,70.93536648333333
Tears_of_Steel_4k,3,960x528,16,20,1.0,2,2,12,834000,6,76,10.318999999999997,38.215333333333334,0.9532000000000002,79.57436668333331,35.23466666666666,32.89616666666667,0.9362166666666667,71.28132316666667
Tears_of_Steel_4k,3,960x528,16,20,1.0,2,2,48,834000,2,129,10.318999999999997,38.215333333333334,0.9532000000000002,79.57436668333331,35.18466666666667,32.914,0.9357833333333333,71.28561508333334
Tears_of_Steel_4k,3,960x528,16,20,1.0,2,10,12,834000,2,48,10.318999999999997,38.215333333333334,0.9532000000000002,79.57436668333331,36.461499999999994,32.7625,0.9367333333333334,71.23936051666668
Tears_of_Steel_4k,3,960x528,16,20,1.0,2,10,48,834000,3,59,10.318999999999997,38.215333333333334,0.9532000000000002,79.57436668333331,35.1355,32.916000000000004,0.9365500000000001,71.2898331
Tears_of_Steel_4k,3,960x528,16,20,1.0,10,2,12,834000,3,45,10.318999999999997,38.215333333333334,0.9532000000000002,79.57436668333331,34.714000000000006,32.976666666666674,0.93675,71.33399748333333
Tears_of_Steel_4k,3,960x528,16,20,1.0,10,2,48,834000,2,59,10.318999999999997,38.215333333333334,0.9532000000000002,79.57436668333331,35.30616666666667,32.913333333333334,0.9362333333333334,71.31437853333333
Tears_of_Steel_4k,3,960x528,16,20,1.0,10,10,12,834000,3,47,10.318999999999997,38.215333333333334,0.9532000000000002,79.57436668333331,34.84216666666667,32.95116666666667,0.9368166666666667,71.33010835
Tears_of_Steel_4k,3,960x528,16,20,1.0,10,10,48,834000,2,48,10.318999999999997,38.215333333333334,0.9532000000000002,79.57436668333331,34.817,32.95983333333333,0.9367000000000001,71.33509678333334
Tears_of_Steel_4k,3,960x528,16,30,0.0,2,2,12,629000,6,76,12.761666666666667,37.30416666666667,0.9464666666666667,73.69521255,89.95233333333333,28.726166666666675,0.9155333333333335,60.55684896666667
Tears_of_Steel_4k,3,960x528,16,30,0.0,2,2,48,629000,3,130,12.761666666666667,37.30416666666667,0.9464666666666667,73.69521255,77.11050000000002,29.37666666666667,0.9153166666666668,60.60446076666667
Tears_of_Steel_4k,3,960x528,16,30,0.0,2,10,12,629000,2,47,12.761666666666667,37.30416666666667,0.9464666666666667,73.69521255,94.81633333333333,28.55183333333333,0.91695,60.387337249999995
Tears_of_Steel_4k,3,960x528,16,30,0.0,2,10,48,629000,3,57,12.761666666666667,37.30416666666667,0.9464666666666667,73.69521255,79.5016666666667,29.25133333333333,0.9171166666666667,60.517277050000004
Tears_of_Steel_4k,3,960x528,16,30,0.0,10,2,12,629000,3,46,12.761666666666667,37.30416666666667,0.9464666666666667,73.69521255,80.90666666666668,29.278,0.9183666666666668,60.60864813333333
Tears_of_Steel_4k,3,960x528,16,30,0.0,10,2,48,629000,3,60,12.761666666666667,37.30416666666667,0.9464666666666667,73.69521255,75.33333333333333,29.548999999999996,0.9171666666666667,60.64991321666666
Tears_of_Steel_4k,3,960x528,16,30,0.0,10,10,12,629000,2,47,12.761666666666667,37.30416666666667,0.9464666666666667,73.69521255,81.96766666666664,29.209999999999997,0.9183666666666667,60.586644949999986
Tears_of_Steel_4k,3,960x528,16,30,0.0,10,10,48,629000,2,46,12.761666666666667,37.30416666666667,0.9464666666666667,73.69521255,77.6195,29.421666666666667,0.9183666666666667,60.62033916666667
Tears_of_Steel_4k,3,960x528,16,30,0.5,2,2,12,629000,5,73,12.739000000000003,37.309666666666665,0.9466000000000002,73.80330405000001,90.9065,28.718499999999995,0.9167500000000001,61.177276
Tears_of_Steel_4k,3,960x528,16,30,0.5,2,2,48,629000,2,132,12.739000000000003,37.309666666666665,0.9466000000000002,73.80330405000001,77.33850000000001,29.384,0.91635,61.22190135000001
Tears_of_Steel_4k,3,960x528,16,30,0.5,2,10,12,629000,2,48,12.739000000000003,37.309666666666665,0.9466000000000002,73.80330405000001,99.55016666666666,28.351999999999997,0.9183833333333333,61.02745131666667
Tears_of_Steel_4k,3,960x528,16,30,0.5,2,10,48,629000,2,58,12.739000000000003,37.309666666666665,0.9466000000000002,73.80330405000001,86.04483333333333,28.949333333333335,0.91815,61.16302823333332
Tears_of_Steel_4k,3,960x528,16,30,0.5,10,2,12,629000,2,47,12.739000000000003,37.309666666666665,0.9466000000000002,73.80330405000001,80.14333333333335,29.354333333333333,0.9201,61.23235818333334
Tears_of_Steel_4k,3,960x528,16,30,0.5,10,2,48,629000,3,62,12.739000000000003,37.309666666666665,0.9466000000000002,73.80330405000001,75.93999999999998,29.545000000000005,0.9187999999999998,61.26699145
Tears_of_Steel_4k,3,960x528,16,30,0.5,10,10,12,629000,2,44,12.739000000000003,37.309666666666665,0.9466000000000002,73.80330405000001,80.93516666666666,29.296,0.9201833333333335,61.221880483333344
Tears_of_Steel_4k,3,960x528,16,30,0.5,10,10,48,629000,3,47,12.739000000000003,37.309666666666665,0.9466000000000002,73.80330405000001,80.57066666666667,29.316333333333333,0.9199833333333334,61.26101796666665
Tears_of_Steel_4k,3,960x528,16,30,1.0,2,2,12,629000,6,76,12.633499999999998,37.351666666666674,0.9468500000000001,73.97024343333332,92.36916666666666,28.739500000000003,0.91865,62.4646252
Tears_of_Steel_4k,3,960x528,16,30,1.0,2,2,48,629000,2,130,12.633499999999998,37.351666666666674,0.9468500000000001,73.97024343333332,77.23683333333334,29.453166666666664,0.9179666666666666,62.50382895
Tears_of_Steel_4k,3,960x528,16,30,1.0,2,10,12,629000,2,47,12.633499999999998,37.351666666666674,0.9468500000000001,73.97024343333332,93.03250000000001,28.636833333333332,0.9204333333333333,62.35805336666667
Tears_of_Steel_4k,3,960x528,16,30,1.0,2,10,48,629000,3,58,12.633499999999998,37.351666666666674,0.9468500000000001,73.97024343333332,83.68666666666667,29.12066666666667,0.9202166666666667,62.46927248333332
Tears_of_Steel_4k,3,960x528,16,30,1.0,10,2,12,629000,3,47,12.633499999999998,37.351666666666674,0.9468500000000001,73.97024343333332,80.95916666666669,29.3715,0.9213333333333333,62.52205751666666
Tears_of_Steel_4k,3,960x528,16,30,1.0,10,2,48,629000,2,62,12.633499999999998,37.351666666666674,0.9468500000000001,73.97024343333332,76.30850000000001,29.586833333333338,0.92,62.552681633333336
Tears_of_Steel_4k,3,960x528,16,30,1.0,10,10,12,629000,3,45,12.633499999999998,37.351666666666674,0.9468500000000001,73.97024343333332,80.67716666666666,29.37216666666666,0.92155,62.518220883333335
Tears_of_Steel_4k,3,960x528,16,30,1.0,10,10,48,629000,2,47,12.633499999999998,37.351666666666674,0.9468500000000001,73.97024343333332,78.78633333333333,29.471833333333333,0.9214666666666668,62.546707600000005
Tears_of_Steel_4k,3,960x528,16,40,0.0,2,2,12,422000,5,74,17.672333333333334,35.89133333333333,0.9354166666666667,64.61538883333333,240.86333333333332,24.38566666666667,0.8775166666666667,47.97884435000001
Tears_of_Steel_4k,3,960x528,16,40,0.0,2,2,48,422000,2,131,17.672333333333334,35.89133333333333,0.9354166666666667,64.61538883333333,185.28416666666666,25.50583333333333,0.8759833333333333,48.06318181666666
Tears_of_Steel_4k,3,960x528,16,40,0.0,2,10,12,422000,3,51,17.672333333333334,35.89133333333333,0.9354166666666667,64.61538883333333,261.6925,24.058500000000002,0.8824,47.64790491666667
Tears_of_Steel_4k,3,960x528,16,40,0.0,2,10,48,422000,3,56,17.672333333333334,35.89133333333333,0.9354166666666667,64.61538883333333,214.49783333333332,24.89983333333333,0.8817333333333333,47.865382849999996
Tears_of_Steel_4k,3,960x528,16,40,0.0,10,2,12,422000,2,46,17.672333333333334,35.89133333333333,0.9354166666666667,64.61538883333333,205.159,25.1255,0.8881166666666667,48.06062701666667
Tears_of_Steel_4k,3,960x528,16,40,0.0,10,2,48,422000,3,63,17.672333333333334,35.89133333333333,0.9354166666666667,64.61538883333333,181.04783333333336,25.630499999999998,0.8849999999999999,48.15559236666666
Tears_of_Steel_4k,3,960x528,16,40,0.0,10,10,12,422000,3,47,17.672333333333334,35.89133333333333,0.9354166666666667,64.61538883333333,214.09949999999998,24.92833333333333,0.8880499999999999,48.044269183333334
Tears_of_Steel_4k,3,960x528,16,40,0.0,10,10,48,422000,2,48,17.672333333333334,35.89133333333333,0.9354166666666667,64.61538883333333,195.65233333333333,25.330333333333336,0.8883666666666665,48.09323216666667
Tears_of_Steel_4k,3,960x528,16,40,0.5,2,2,12,422000,6,74,17.6515,35.898999999999994,0.9354333333333333,64.75537696666666,252.229,24.178,0.8764,49.42096643333333
Tears_of_Steel_4k,3,960x528,16,40,0.5,2,2,48,422000,2,133,17.6515,35.898999999999994,0.9354333333333333,64.75537696666666,194.529,25.282833333333333,0.8749666666666668,49.49156930000001
Tears_of_Steel_4k,3,960x528,16,40,0.5,2,10,12,422000,3,46,17.6515,35.898999999999994,0.9354333333333333,64.75537696666666,268.2685,23.953,0.8823833333333333,49.19955011666666
Tears_of_Steel_4k,3,960x528,16,40,0.5,2,10,48,422000,2,57,17.6515,35.898999999999994,0.9354333333333333,64.75537696666666,214.26316666666665,24.875999999999998,0.88185,49.36000528333333
Tears_of_Steel_4k,3,960x528,16,40,0.5,10,2,12,422000,2,47,17.6515,35.898999999999994,0.9354333333333333,64.75537696666666,216.556,24.848333333333333,0.8880833333333332,49.48351605
Tears_of_Steel_4k,3,960x528,16,40,0.5,10,2,48,422000,2,61,17.6515,35.898999999999994,0.9354333333333333,64.75537696666666,193.6263333333333,25.317833333333336,0.8850166666666666,49.557922616666666
Tears_of_Steel_4k,3,960x528,16,40,0.5,10,10,12,422000,2,45,17.6515,35.898999999999994,0.9354333333333333,64.75537696666666,225.91449999999998,24.657,0.8881166666666667,49.46033118333333
Tears_of_Steel_4k,3,960x528,16,40,0.5,10,10,48,422000,2,47,17.6515,35.898999999999994,0.9354333333333333,64.75537696666666,202.45283333333333,25.136333333333333,0.8885333333333333,49.50781015
Tears_of_Steel_4k,3,960x528,16,40,1.0,2,2,12,422000,5,72,17.664499999999997,35.89183333333334,0.9354833333333334,64.74477559999998,226.7866666666667,24.605000000000004,0.8788833333333332,50.00211765000001
Tears_of_Steel_4k,3,960x528,16,40,1.0,2,2,48,422000,2,132,17.664499999999997,35.89183333333334,0.9354833333333334,64.74477559999998,183.13583333333332,25.551499999999997,0.8774333333333334,50.02839063333332
Tears_of_Steel_4k,3,960x528,16,40,1.0,2,10,12,422000,3,51,17.664499999999997,35.89183333333334,0.9354833333333334,64.74477559999998,243.04550000000003,24.350666666666662,0.8846333333333334,49.82951585
Tears_of_Steel_4k,3,960x528,16,40,1.0,2,10,48,422000,2,60,17.664499999999997,35.89183333333334,0.9354833333333334,64.74477559999998,199.176,25.193666666666665,0.8832666666666664,49.92842281666666
Tears_of_Steel_4k,3,960x528,16,40,1.0,10,2,12,422000,2,46,17.664499999999997,35.89183333333334,0.9354833333333334,64.74477559999998,191.757,25.371833333333324,0.8900166666666666,50.08873065
Tears_of_Steel_4k,3,960x528,16,40,1.0,10,2,48,422000,3,58,17.664499999999997,35.89183333333334,0.9354833333333334,64.74477559999998,180.01566666666668,25.63866666666667,0.8864333333333333,50.13036663333334
Tears_of_Steel_4k,3,960x528,16,40,1.0,10,10,12,422000,2,48,17.664499999999997,35.89183333333334,0.9354833333333334,64.74477559999998,202.23300000000003,25.135166666666667,0.8901166666666668,50.08217969999999
Tears_of_Steel_4k,3,960x528,16,40,1.0,10,10,48,422000,2,45,17.664499999999997,35.89183333333334,0.9354833333333334,64.74477559999998,184.4485,25.542166666666667,0.8901500000000001,50.10335025
Tears_of_Steel_4k,3,960x540,20,10,0.0,2,2,12,1009000,14,76,9.159,38.73533333333334,0.9568666666666665,82.88496186666666,24.407333333333337,34.434999999999995,0.9409333333333333,74.72617641666668
Tears_of_Steel_4k,3,960x540,20,10,0.0,2,2,48,1009000,3,127,9.159,38.73533333333334,0.9568666666666665,82.88496186666666,24.487000000000002,34.42433333333334,0.9407,74.72696348333334
Tears_of_Steel_4k,3,960x540,20,10,0.0,2,10,12,1009000,2,49,9.159,38.73533333333334,0.9568666666666665,82.88496186666666,24.908166666666666,34.369166666666665,0.94115,74.6944559
Tears_of_Steel_4k,3,960x540,20,10,0.0,2,10,48,1009000,2,61,9.159,38.73533333333334,0.9568666666666665,82.88496186666666,24.619833333333336,34.410333333333334,0.9410833333333333,74.71204000000002
Tears_of_Steel_4k,3,960x540,20,10,0.0,10,2,12,1009000,4,47,9.159,38.73533333333334,0.9568666666666665,82.88496186666666,24.328500000000002,34.46183333333333,0.9411333333333334,74.74374088333334
Tears_of_Steel_4k,3,960x540,20,10,0.0,10,2,48,1009000,3,62,9.159,38.73533333333334,0.9568666666666665,82.88496186666666,24.43283333333334,34.44883333333333,0.9408666666666666,74.73713675
Tears_of_Steel_4k,3,960x540,20,10,0.0,10,10,12,1009000,3,46,9.159,38.73533333333334,0.9568666666666665,82.88496186666666,24.413333333333334,34.44783333333333,0.9411666666666668,74.73795795000001
Tears_of_Steel_4k,3,960x540,20,10,0.0,10,10,48,1009000,2,50,9.159,38.73533333333334,0.9568666666666665,82.88496186666666,24.408000000000005,34.45116666666666,0.9411666666666668,74.74154605
Tears_of_Steel_4k,3,960x540,20,10,0.5,2,2,12,1009000,7,78,9.1205,38.75783333333333,0.9568499999999998,82.97650848333332,24.374333333333333,34.4295,0.9417500000000001,75.09097601666666
Tears_of_Steel_4k,3,960x540,20,10,0.5,2,2,48,1009000,2,124,9.1205,38.75783333333333,0.9568499999999998,82.97650848333332,24.282666666666668,34.434999999999995,0.94155,75.09256631666666
Tears_of_Steel_4k,3,960x540,20,10,0.5,2,10,12,1009000,2,50,9.1205,38.75783333333333,0.9568499999999998,82.97650848333332,24.793000000000003,34.376999999999995,0.9421,75.06621091666666
Tears_of_Steel_4k,3,960x540,20,10,0.5,2,10,48,1009000,3,58,9.1205,38.75783333333333,0.9568499999999998,82.97650848333332,24.380666666666666,34.42733333333333,0.9420000000000002,75.07852791666667
Tears_of_Steel_4k,3,960x540,20,10,0.5,10,2,12,1009000,3,50,9.1205,38.75783333333333,0.9568499999999998,82.97650848333332,24.355666666666668,34.44733333333333,0.9420666666666667,75.10197828333334
Tears_of_Steel_4k,3,960x540,20,10,0.5,10,2,48,1009000,2,60,9.1205,38.75783333333333,0.9568499999999998,82.97650848333332,24.246,34.45816666666666,0.9416833333333333,75.10212930000002
Tears_of_Steel_4k,3,960x540,20,10,0.5,10,10,12,1009000,2,48,9.1205,38.75783333333333,0.9568499999999998,82.97650848333332,24.3345,34.44766666666667,0.9421166666666668,75.09979360000001
Tears_of_Steel_4k,3,960x540,20,10,0.5,10,10,48,1009000,3,48,9.1205,38.75783333333333,0.9568499999999998,82.97650848333332,24.24233333333333,34.459833333333336,0.9420333333333333,75.10342128333332
Tears_of_Steel_4k,3,960x540,20,10,1.0,2,2,12,1009000,6,86,9.115666666666666,38.75416666666667,0.9569499999999997,83.04705198333333,24.278000000000002,34.44216666666667,0.9418,75.25061255
Tears_of_Steel_4k,3,960x540,20,10,1.0,2,2,48,1009000,2,138,9.115666666666666,38.75416666666667,0.9569499999999997,83.04705198333333,24.330499999999997,34.43366666666667,0.94165,75.251277
Tears_of_Steel_4k,3,960x540,20,10,1.0,2,10,12,1009000,2,54,9.115666666666666,38.75416666666667,0.9569499999999997,83.04705198333333,24.56366666666667,34.405,0.9421999999999999,75.24598841666666
Tears_of_Steel_4k,3,960x540,20,10,1.0,2,10,48,1009000,3,68,9.115666666666666,38.75416666666667,0.9569499999999997,83.04705198333333,24.4175,34.43066666666666,0.9420333333333333,75.25457724999998
Tears_of_Steel_4k,3,960x540,20,10,1.0,10,2,12,1009000,2,52,9.115666666666666,38.75416666666667,0.9569499999999997,83.04705198333333,24.267333333333337,34.45666666666666,0.9420833333333333,75.27478481666665
Tears_of_Steel_4k,3,960x540,20,10,1.0,10,2,48,1009000,2,65,9.115666666666666,38.75416666666667,0.9569499999999997,83.04705198333333,24.26083333333333,34.459500000000006,0.9418166666666665,75.26774131666666
Tears_of_Steel_4k,3,960x540,20,10,1.0,10,10,12,1009000,2,47,9.115666666666666,38.75416666666667,0.9569499999999997,83.04705198333333,24.274833333333333,34.45666666666666,0.9421333333333332,75.2740686
Tears_of_Steel_4k,3,960x540,20,10,1.0,10,10,48,1009000,3,49,9.115666666666666,38.75416666666667,0.9569499999999997,83.04705198333333,24.243999999999996,34.461499999999994,0.9421166666666667,75.27482833333336
Tears_of_Steel_4k,3,960x540,20,20,0.0,2,2,12,748000,7,83,11.254,37.85166666666666,0.9506166666666668,77.28343308333332,59.02599999999999,30.612166666666667,0.9172999999999999,62.942707933333324
Tears_of_Steel_4k,3,960x540,20,20,0.0,2,2,48,748000,2,142,11.254,37.85166666666666,0.9506166666666668,77.28343308333332,55.88733333333334,30.8285,0.9166,62.96951623333333
Tears_of_Steel_4k,3,960x540,20,20,0.0,2,10,12,748000,2,53,11.254,37.85166666666666,0.9506166666666668,77.28343308333332,66.63333333333333,30.1325,0.9180166666666666,62.79443521666666
Tears_of_Steel_4k,3,960x540,20,20,0.0,2,10,48,748000,2,64,11.254,37.85166666666666,0.9506166666666668,77.28343308333332,57.525000000000006,30.7335,0.9181333333333334,62.89340435
Tears_of_Steel_4k,3,960x540,20,20,0.0,10,2,12,748000,2,53,11.254,37.85166666666666,0.9506166666666668,77.28343308333332,56.7055,30.833166666666667,0.9189666666666665,62.978908200000006
Tears_of_Steel_4k,3,960x540,20,20,0.0,10,2,48,748000,2,67,11.254,37.85166666666666,0.9506166666666668,77.28343308333332,55.10183333333334,30.931666666666665,0.9180666666666666,63.00350116666666
Tears_of_Steel_4k,3,960x540,20,20,0.0,10,10,12,748000,2,45,11.254,37.85166666666666,0.9506166666666668,77.28343308333332,57.45649999999999,30.773,0.9189333333333335,62.96478225
Tears_of_Steel_4k,3,960x540,20,20,0.0,10,10,48,748000,2,34,11.254,37.85166666666666,0.9506166666666668,77.28343308333332,55.791000000000004,30.892999999999997,0.919,62.9945467
Tears_of_Steel_4k,3,960x540,20,20,0.5,2,2,12,748000,6,80,11.2795,37.839666666666666,0.9505833333333336,77.18119508333334,57.524833333333326,30.707833333333333,0.9196833333333334,64.50923453333333
Tears_of_Steel_4k,3,960x540,20,20,0.5,2,2,48,748000,2,151,11.2795,37.839666666666666,0.9505833333333336,77.18119508333334,54.69083333333333,30.94683333333334,0.9188833333333333,64.51439378333333
Tears_of_Steel_4k,3,960x540,20,20,0.5,2,10,12,748000,2,59,11.2795,37.839666666666666,0.9505833333333336,77.18119508333334,61.40216666666667,30.424,0.9210333333333334,64.39672758333333
Tears_of_Steel_4k,3,960x540,20,20,0.5,2,10,48,748000,2,66,11.2795,37.839666666666666,0.9505833333333336,77.18119508333334,55.10133333333333,30.903833333333335,0.9209333333333335,64.47783935
Tears_of_Steel_4k,3,960x540,20,20,0.5,10,2,12,748000,2,50,11.2795,37.839666666666666,0.9505833333333336,77.18119508333334,53.919833333333344,31.066333333333333,0.9219166666666667,64.5337957
Tears_of_Steel_4k,3,960x540,20,20,0.5,10,2,48,748000,3,67,11.2795,37.839666666666666,0.9505833333333336,77.18119508333334,52.81499999999999,31.139499999999998,0.9208500000000001,64.5400294
Tears_of_Steel_4k,3,960x540,20,20,0.5,10,10,12,748000,2,53,11.2795,37.839666666666666,0.9505833333333336,77.18119508333334,54.23833333333334,31.019499999999994,0.9220166666666666,64.52276266666667
Tears_of_Steel_4k,3,960x540,20,20,0.5,10,10,48,748000,2,52,11.2795,37.839666666666666,0.9505833333333336,77.18119508333334,52.823166666666665,31.132833333333334,0.9219000000000002,64.54799051666667
