,video_name,scene_number,resolution,frame_rate,square_size,horizontal_stride,vertical_stride,neighbor_length,ref_stride,subvideo_length,adm2_ori_mean,adm2_ori_std,motion2_ori_mean,motion2_ori_std,ms_ssim_ori_mean,ms_ssim_ori_std,psnr_ori_mean,psnr_ori_std,ssim_ori_mean,ssim_ori_std,vif_scale0_ori_mean,vif_scale0_ori_std,vif_scale1_ori_mean,vif_scale1_ori_std,vif_scale2_ori_mean,vif_scale2_ori_std,vif_scale3_ori_mean,vif_scale3_ori_std,vmaf_ori_mean,vmaf_ori_std,adm2_inp_mean,adm2_inp_std,motion2_inp_mean,motion2_inp_std,ms_ssim_inp_mean,ms_ssim_inp_std,psnr_inp_mean,psnr_inp_std,ssim_inp_mean,ssim_inp_std,vif_scale0_inp_mean,vif_scale0_inp_std,vif_scale1_inp_mean,vif_scale1_inp_std,vif_scale2_inp_mean,vif_scale2_inp_std,vif_scale3_inp_mean,vif_scale3_inp_std,vmaf_inp_mean,vmaf_inp_std,shrunk_size,original_size,bitrate_saving
0,Tears_of_Steel_4k,001,640:360,24,20,1,2,2,2,10,0.9685495412844038,0.007348250281192052,7.15479633027523,4.002867879545554,0.9863862385321102,0.0023093396478738796,37.049955045871556,0.9216307019792607,0.9516183486238531,0.012684966058857753,0.5607816513761468,0.03746183283650079,0.875108256880734,0.02882694575502287,0.9300293577981651,0.019865647358043192,0.9570165137614679,0.01398434649859851,92.51263119266055,3.88644296906513,0.33529541284403674,0.06921276828431285,7.15479633027523,4.002867879545554,0.31636530612244895,0.1270559955311861,12.928981651376146,2.4572352425546895,0.5078073394495413,0.09187591743701376,0.04176330275229356,0.03056396347113541,0.07610183486238532,0.04117826193346881,0.08697431192660553,0.04898983530940415,0.09141559633027523,0.05818461864698265,2.389116513761468,3.1741201701478774,168083,244296,0.31196990536071
0,Tears_of_Steel_4k,001,640:360,24,20,1,3,2,2,10,0.9685495412844038,0.007348250281192052,7.15479633027523,4.002867879545554,0.9863862385321102,0.0023093396478738796,37.049955045871556,0.9216307019792607,0.9516183486238531,0.012684966058857753,0.5607816513761468,0.03746183283650079,0.875108256880734,0.02882694575502287,0.9300293577981651,0.019865647358043192,0.9570165137614679,0.01398434649859851,92.51263119266055,3.88644296906513,0.32321559633027513,0.06474474120545597,7.15479633027523,4.002867879545554,0.3156343434343434,0.12329044947173351,12.913844036697245,2.372279839741259,0.5134752293577982,0.08993595473895864,0.03997981651376147,0.029173734952472784,0.07352568807339448,0.037401122491745376,0.08412935779816513,0.043948486896703096,0.08847247706422018,0.051719084291182604,2.08754495412844,2.6306199736974496,124397,244296,0.4907939548744147
0,Tears_of_Steel_4k,001,640:360,24,20,2,1,2,2,10,0.9685495412844038,0.007348250281192052,7.15479633027523,4.002867879545554,0.9863862385321102,0.0023093396478738796,37.049955045871556,0.9216307019792607,0.9516183486238531,0.012684966058857753,0.5607816513761468,0.03746183283650079,0.875108256880734,0.02882694575502287,0.9300293577981651,0.019865647358043192,0.9570165137614679,0.01398434649859851,92.51263119266055,3.88644296906513,0.33249541284403666,0.07179688348920979,7.15479633027523,4.002867879545554,0.3137069306930693,0.1295348511076658,12.96501651376147,2.4869160048703547,0.5085614678899082,0.0904007844814545,0.04250366972477065,0.03224589530756131,0.07707064220183486,0.04475420589122467,0.08811467889908256,0.0534200073936932,0.0925256880733945,0.06269371077747711,2.3451999999999997,3.1958496927004143,193685,244296,0.20717080918230346
0,Tears_of_Steel_4k,001,640:360,24,20,2,2,2,2,10,0.9685495412844038,0.007348250281192052,7.15479633027523,4.002867879545554,0.9863862385321102,0.0023093396478738796,37.049955045871556,0.9216307019792607,0.9516183486238531,0.012684966058857753,0.5607816513761468,0.03746183283650079,0.875108256880734,0.02882694575502287,0.9300293577981651,0.019865647358043192,0.9570165137614679,0.01398434649859851,92.51263119266055,3.88644296906513,0.3216165137614679,0.06314486066557076,7.15479633027523,4.002867879545554,0.3222259999999999,0.12466261994728496,13.046525688073393,2.426651634431603,0.5224183486238532,0.08899758648947403,0.04119449541284404,0.02927077873814564,0.07502201834862385,0.03735545068512156,0.08582935779816513,0.04366849933124582,0.08985321100917432,0.05067088353944527,1.9545844036697249,2.3197966131783545,122508,244296,0.4985263778367227
0,Tears_of_Steel_4k,001,640:360,24,20,2,3,2,2,10,0.9685495412844038,0.007348250281192052,7.15479633027523,4.002867879545554,0.9863862385321102,0.0023093396478738796,37.049955045871556,0.9216307019792607,0.9516183486238531,0.012684966058857753,0.5607816513761468,0.03746183283650079,0.875108256880734,0.02882694575502287,0.9300293577981651,0.019865647358043192,0.9570165137614679,0.01398434649859851,92.51263119266055,3.88644296906513,0.3097651376146788,0.053450796647472015,7.15479633027523,4.002867879545554,0.31770769230769236,0.11792183250369977,13.009121100917431,2.3123923958578048,0.5265064220183486,0.08480366680055912,0.03916513761467891,0.028186555687218413,0.07176697247706422,0.03394095105240612,0.08225412844036697,0.03875657060687352,0.08620550458715595,0.04421673437793196,1.6895045871559633,1.9881633826215797,90622,244296,0.6290483675541148
0,Tears_of_Steel_4k,001,640:360,24,20,3,1,2,2,10,0.9685495412844038,0.007348250281192052,7.15479633027523,4.002867879545554,0.9863862385321102,0.0023093396478738796,37.049955045871556,0.9216307019792607,0.9516183486238531,0.012684966058857753,0.5607816513761468,0.03746183283650079,0.875108256880734,0.02882694575502287,0.9300293577981651,0.019865647358043192,0.9570165137614679,0.01398434649859851,92.51263119266055,3.88644296906513,0.32465688073394494,0.06529969849481254,7.15479633027523,4.002867879545554,0.317804,0.12662243001071405,12.971795412844036,2.4239991465125517,0.5140009174311927,0.08976029549471568,0.04153119266055046,0.0312516094318822,0.07556972477064218,0.040917467755423716,0.08653761467889909,0.0479844994049792,0.09114036697247707,0.05574853115365471,2.105876146788991,2.576795390772662,132457,244296,0.4578011919965943
0,Tears_of_Steel_4k,001,640:360,24,20,3,2,2,2,10,0.9685495412844038,0.007348250281192052,7.15479633027523,4.002867879545554,0.9863862385321102,0.0023093396478738796,37.049955045871556,0.9216307019792607,0.9516183486238531,0.012684966058857753,0.5607816513761468,0.03746183283650079,0.875108256880734,0.02882694575502287,0.9300293577981651,0.019865647358043192,0.9570165137614679,0.01398434649859851,92.51263119266055,3.88644296906513,0.3134633027522936,0.0546186368622884,7.15479633027523,4.002867879545554,0.3308626262626262,0.12302102656337183,13.07034862385321,2.390372612617302,0.529340366972477,0.0879011367213253,0.0398651376146789,0.02807199202627914,0.07302293577981651,0.03425666367462261,0.08386238532110094,0.039564660599222055,0.08840183486238533,0.045782592077588266,1.6826669724770642,1.940559148423132,81933,244296,0.6646158758227724
0,Tears_of_Steel_4k,001,640:360,24,20,3,3,2,2,10,0.9685495412844038,0.007348250281192052,7.15479633027523,4.002867879545554,0.9863862385321102,0.0023093396478738796,37.049955045871556,0.9216307019792607,0.9516183486238531,0.012684966058857753,0.5607816513761468,0.03746183283650079,0.875108256880734,0.02882694575502287,0.9300293577981651,0.019865647358043192,0.9570165137614679,0.01398434649859851,92.51263119266055,3.88644296906513,0.30052018348623855,0.044213272642316344,7.15479633027523,4.002867879545554,0.32608333333333334,0.11896925061022733,12.995187155963306,2.2860458958607217,0.5330146788990825,0.08600829613913445,0.038109174311926605,0.027474528746959104,0.07025504587155965,0.03169951362589411,0.08093486238532113,0.035581724856039325,0.08563302752293578,0.04039402241954515,1.475673394495413,1.7992187912598705,60394,244296,0.7527835085306349
0,Tears_of_Steel_4k,001,640:360,24,40,1,2,2,2,10,0.9685495412844038,0.007348250281192052,7.15479633027523,4.002867879545554,0.9863862385321102,0.0023093396478738796,37.049955045871556,0.9216307019792607,0.9516183486238531,0.012684966058857753,0.5607816513761468,0.03746183283650079,0.875108256880734,0.02882694575502287,0.9300293577981651,0.019865647358043192,0.9570165137614679,0.01398434649859851,92.51263119266055,3.88644296906513,0.3243275229357798,0.06378962076196634,7.15479633027523,4.002867879545554,0.3163091836734694,0.12390039904642286,12.928088990825689,2.3874454874652984,0.5081733944954129,0.09167600522351026,0.04052844036697248,0.030239096877261885,0.07442568807339449,0.04020891140325903,0.0851954128440367,0.04738515626563578,0.08943211009174312,0.055419435821763674,2.0813339449541286,2.67426595716851,148487,244296,0.39218407178177295
0,Tears_of_Steel_4k,001,640:360,24,40,1,3,2,2,10,0.9685495412844038,0.007348250281192052,7.15479633027523,4.002867879545554,0.9863862385321102,0.0023093396478738796,37.049955045871556,0.9216307019792607,0.9516183486238531,0.012684966058857753,0.5607816513761468,0.03746183283650079,0.875108256880734,0.02882694575502287,0.9300293577981651,0.019865647358043192,0.9570165137614679,0.01398434649859851,92.51263119266055,3.88644296906513,0.3093816513761468,0.05347520914913753,7.15479633027523,4.002867879545554,0.3252336633663367,0.12027826759413165,12.9159623853211,2.2839751719068335,0.5138330275229358,0.09481146794896766,0.0387440366972477,0.028692173507617602,0.07173761467889908,0.03628126439513116,0.08245045871559635,0.04194106673048904,0.08698256880733943,0.048342740165131966,1.7244550458715595,2.1158558518554105,120684,244296,0.5059927301306612
0,Tears_of_Steel_4k,001,640:360,24,40,2,1,2,2,10,0.9685495412844038,0.007348250281192052,7.15479633027523,4.002867879545554,0.9863862385321102,0.0023093396478738796,37.049955045871556,0.9216307019792607,0.9516183486238531,0.012684966058857753,0.5607816513761468,0.03746183283650079,0.875108256880734,0.02882694575502287,0.9300293577981651,0.019865647358043192,0.9570165137614679,0.01398434649859851,92.51263119266055,3.88644296906513,0.33345321100917436,0.06949326715163684,7.15479633027523,4.002867879545554,0.3170816326530612,0.1251899384538968,12.915750458715594,2.461188122545689,0.49905137614678896,0.09426310265017183,0.041282568807339444,0.031988597054079713,0.07606146788990827,0.043542518403698924,0.08727431192660551,0.05164172947241214,0.09188440366972477,0.060634591909104904,2.4395311926605507,3.256245120667341,170081,244296,0.3037913023545208
0,Tears_of_Steel_4k,001,640:360,24,40,2,2,2,2,10,0.9685495412844038,0.007348250281192052,7.15479633027523,4.002867879545554,0.9863862385321102,0.0023093396478738796,37.049955045871556,0.9216307019792607,0.9516183486238531,0.012684966058857753,0.5607816513761468,0.03746183283650079,0.875108256880734,0.02882694575502287,0.9300293577981651,0.019865647358043192,0.9570165137614679,0.01398434649859851,92.51263119266055,3.88644296906513,0.3147541284403669,0.05150357149088482,7.15479633027523,4.002867879545554,0.322559595959596,0.12101882204694857,12.994118348623854,2.3257080706013404,0.5166385321100917,0.09269959038250712,0.039310091743119266,0.02894797678900359,0.07230091743119266,0.035953095718493,0.08298715596330275,0.041540295254120715,0.08725045871559634,0.047836212890199833,1.858208256880734,2.076898308559632,99966,244296,0.5907996856272718
0,Tears_of_Steel_4k,001,640:360,24,40,2,3,2,2,10,0.9685495412844038,0.007348250281192052,7.15479633027523,4.002867879545554,0.9863862385321102,0.0023093396478738796,37.049955045871556,0.9216307019792607,0.9516183486238531,0.012684966058857753,0.5607816513761468,0.03746183283650079,0.875108256880734,0.02882694575502287,0.9300293577981651,0.019865647358043192,0.9570165137614679,0.01398434649859851,92.51263119266055,3.88644296906513,0.30254862385321096,0.04309178536196055,7.15479633027523,4.002867879545554,0.3353454545454546,0.11418998068268374,12.99155229357798,2.274391026455553,0.520751376146789,0.0931642711028521,0.03720642201834862,0.027420252299232856,0.06918073394495412,0.03204277660861603,0.08000550458715594,0.03600397312144969,0.08501651376146789,0.04101893761775359,1.6345963302752293,1.8723817906576663,81814,244296,0.6651029898156335
0,Tears_of_Steel_4k,001,640:360,24,40,3,1,2,2,10,0.9685495412844038,0.007348250281192052,7.15479633027523,4.002867879545554,0.9863862385321102,0.0023093396478738796,37.049955045871556,0.9216307019792607,0.9516183486238531,0.012684966058857753,0.5607816513761468,0.03746183283650079,0.875108256880734,0.02882694575502287,0.9300293577981651,0.019865647358043192,0.9570165137614679,0.01398434649859851,92.51263119266055,3.88644296906513,0.3158339449541284,0.06286242064750297,7.15479633027523,4.002867879545554,0.3210679611650486,0.11210703237775718,12.909752293577982,2.042463751054028,0.5151724770642202,0.08710769502041883,0.039459633027522936,0.03001026404436043,0.07198623853211009,0.03770744711761538,0.0824807339449541,0.04315611728035316,0.0868256880733945,0.049163285013027455,2.0627311926605505,2.451731507968635,93885,244296,0.6156916200019649
0,Tears_of_Steel_4k,001,640:360,24,40,3,2,2,2,10,0.9685495412844038,0.007348250281192052,7.15479633027523,4.002867879545554,0.9863862385321102,0.0023093396478738796,37.049955045871556,0.9216307019792607,0.9516183486238531,0.012684966058857753,0.5607816513761468,0.03746183283650079,0.875108256880734,0.02882694575502287,0.9300293577981651,0.019865647358043192,0.9570165137614679,0.01398434649859851,92.51263119266055,3.88644296906513,0.2995155963302753,0.04589568319552167,7.15479633027523,4.002867879545554,0.32638846153846157,0.10887545508488244,12.942005504587154,1.8777251623546478,0.527151376146789,0.08625356204633683,0.03781651376146789,0.02770347121505236,0.0690908256880734,0.032570617130135135,0.07947155963302752,0.036515402868092475,0.08385229357798164,0.041055778671015175,1.5693889908256882,1.8817726276798383,55754,244296,0.7717768608573207
0,Tears_of_Steel_4k,001,640:360,24,40,3,3,2,2,10,0.9685495412844038,0.007348250281192052,7.15479633027523,4.002867879545554,0.9863862385321102,0.0023093396478738796,37.049955045871556,0.9216307019792607,0.9516183486238531,0.012684966058857753,0.5607816513761468,0.03746183283650079,0.875108256880734,0.02882694575502287,0.9300293577981651,0.019865647358043192,0.9570165137614679,0.01398434649859851,92.51263119266055,3.88644296906513,0.29018165137614677,0.03815966496945485,7.15479633027523,4.002867879545554,0.34263663366336644,0.10124298170517528,12.860222018348626,1.8539009919705052,0.5276550458715595,0.08889083034640752,0.03642110091743119,0.026439697543356386,0.0673183486238532,0.029867823530228838,0.07798256880733945,0.0325349067357368,0.0830908256880734,0.03620492994178699,1.3605431192660549,1.7591357526820532,45427,244296,0.8140493499688902
0,bbb_sunflower_2160p_60fps_normal,001,640:360,60,20,1,2,2,2,10,0.9738419913419912,0.001961191612019378,0.3697558441558441,0.032866534427325365,0.9944056277056277,0.0005280097330405873,35.86275497835498,0.3800416901145296,0.9631515151515152,0.0030324885531143276,0.5869558441558441,0.014321204954525301,0.9512125541125541,0.0053592234970771925,0.9773683982683982,0.002821300430467045,0.9874354978354979,0.0016597130681155533,90.2683896103896,0.6471136318300535,0.34528831168831176,0.036075493213752065,0.3697558441558441,0.032866534427325365,0.1666544217687075,0.09085251048716758,12.592562770562768,1.559142294479253,0.19753506493506495,0.024231611223683933,0.008902164502164502,0.0050921033997446425,0.03222294372294372,0.016511983579558263,0.042913852813852814,0.02390853001054641,0.050877489177489174,0.033159433240011735,4.101011688311688,0.8077657858413124,442171,635400,0.3041060749134403
0,bbb_sunflower_2160p_60fps_normal,001,640:360,60,20,1,3,2,2,10,0.9738419913419912,0.001961191612019378,0.3697558441558441,0.032866534427325365,0.9944056277056277,0.0005280097330405873,35.86275497835498,0.3800416901145296,0.9631515151515152,0.0030324885531143276,0.5869558441558441,0.014321204954525301,0.9512125541125541,0.0053592234970771925,0.9773683982683982,0.002821300430467045,0.9874354978354979,0.0016597130681155533,90.2683896103896,0.6471136318300535,0.3353688311688311,0.029958655248192762,0.3697558441558441,0.032866534427325365,0.17390272108843535,0.07440983322260705,12.640059307359309,1.4994051902953835,0.2064874458874459,0.02036784481918941,0.008266233766233767,0.0035166786599417446,0.03005411255411256,0.01158838128642005,0.04057922077922078,0.017294834647290837,0.048757575757575757,0.024404677406490917,3.874731601731602,0.7837981404931162,303644,635400,0.522121498268807
0,bbb_sunflower_2160p_60fps_normal,001,640:360,60,20,2,1,2,2,10,0.9738419913419912,0.001961191612019378,0.3697558441558441,0.032866534427325365,0.9944056277056277,0.0005280097330405873,35.86275497835498,0.3800416901145296,0.9631515151515152,0.0030324885531143276,0.5869558441558441,0.014321204954525301,0.9512125541125541,0.0053592234970771925,0.9773683982683982,0.002821300430467045,0.9874354978354979,0.0016597130681155533,90.2683896103896,0.6471136318300535,0.3516251082251083,0.04099492409577887,0.3697558441558441,0.032866534427325365,0.1655445205479452,0.09443799719708232,12.519242424242425,1.5603208275505427,0.19171774891774893,0.027077426602842743,0.00915021645021645,0.0077062023267477015,0.03308181818181818,0.020658238027938692,0.043959740259740254,0.02844408822083862,0.051749350649350656,0.037027046366406115,4.3282670995671,0.8543852917893067,380460,635400,0.40122757318224744
0,bbb_sunflower_2160p_60fps_normal,001,640:360,60,20,2,2,2,2,10,0.9738419913419912,0.001961191612019378,0.3697558441558441,0.032866534427325365,0.9944056277056277,0.0005280097330405873,35.86275497835498,0.3800416901145296,0.9631515151515152,0.0030324885531143276,0.5869558441558441,0.014321204954525301,0.9512125541125541,0.0053592234970771925,0.9773683982683982,0.002821300430467045,0.9874354978354979,0.0016597130681155533,90.2683896103896,0.6471136318300535,0.3305848484848485,0.027380098847734752,0.3697558441558441,0.032866534427325365,0.17615734265734265,0.07507352685962157,12.695752380952381,1.528109067892322,0.2135835497835498,0.019132378370888933,0.0087995670995671,0.002875420541424035,0.031114718614718616,0.009805697092198817,0.04167575757575759,0.015076241637874596,0.049464069264069266,0.021838029431614274,3.5409164502164505,0.7323817792639158,250897,635400,0.6051353478124016
0,bbb_sunflower_2160p_60fps_normal,001,640:360,60,20,2,3,2,2,10,0.9738419913419912,0.001961191612019378,0.3697558441558441,0.032866534427325365,0.9944056277056277,0.0005280097330405873,35.86275497835498,0.3800416901145296,0.9631515151515152,0.0030324885531143276,0.5869558441558441,0.014321204954525301,0.9512125541125541,0.0053592234970771925,0.9773683982683982,0.002821300430467045,0.9874354978354979,0.0016597130681155533,90.2683896103896,0.6471136318300535,0.3204125541125541,0.025147043528628864,0.3697558441558441,0.032866534427325365,0.17939375000000002,0.06750148946168118,12.647239826839826,1.5071096873523422,0.2190030303030303,0.01772173657684477,0.00847056277056277,0.0022763241028119713,0.02915108225108225,0.007923124446678418,0.039505194805194814,0.012680079166916792,0.047894805194805185,0.01903941150056831,3.3613606060606065,0.7229086334461191,174710,635400,0.7250393452943028
0,bbb_sunflower_2160p_60fps_normal,001,640:360,60,20,3,1,2,2,10,0.9738419913419912,0.001961191612019378,0.3697558441558441,0.032866534427325365,0.9944056277056277,0.0005280097330405873,35.86275497835498,0.3800416901145296,0.9631515151515152,0.0030324885531143276,0.5869558441558441,0.014321204954525301,0.9512125541125541,0.0053592234970771925,0.9773683982683982,0.002821300430467045,0.9874354978354979,0.0016597130681155533,90.2683896103896,0.6471136318300535,0.3409506493506494,0.03276201919525754,0.3697558441558441,0.032866534427325365,0.16671533333333333,0.07940663568088374,12.6322012987013,1.4939161678790678,0.19953766233766235,0.02108574238443787,0.008843722943722944,0.006326867621937002,0.03164155844155844,0.015557159827826104,0.042577056277056276,0.02189650244041057,0.050699134199134195,0.029460439194078543,3.9297718614718615,0.9026184812679827,250041,635400,0.6064825306893296
0,bbb_sunflower_2160p_60fps_normal,001,640:360,60,20,3,2,2,2,10,0.9738419913419912,0.001961191612019378,0.3697558441558441,0.032866534427325365,0.9944056277056277,0.0005280097330405873,35.86275497835498,0.3800416901145296,0.9631515151515152,0.0030324885531143276,0.5869558441558441,0.014321204954525301,0.9512125541125541,0.0053592234970771925,0.9773683982683982,0.002821300430467045,0.9874354978354979,0.0016597130681155533,90.2683896103896,0.6471136318300535,0.320391341991342,0.025249282614344812,0.3697558441558441,0.032866534427325365,0.1805390410958904,0.06405877621457223,12.748309090909093,1.474582023270248,0.2205155844155844,0.016318645496873372,0.00855974025974026,0.0023642404648681428,0.029400000000000003,0.007811429752779493,0.03981818181818182,0.012342380792876374,0.048148051948051954,0.01820800309268912,3.325306926406926,0.8212483405288449,158403,635400,0.7507034938621341
0,bbb_sunflower_2160p_60fps_normal,001,640:360,60,20,3,3,2,2,10,0.9738419913419912,0.001961191612019378,0.3697558441558441,0.032866534427325365,0.9944056277056277,0.0005280097330405873,35.86275497835498,0.3800416901145296,0.9631515151515152,0.0030324885531143276,0.5869558441558441,0.014321204954525301,0.9512125541125541,0.0053592234970771925,0.9773683982683982,0.002821300430467045,0.9874354978354979,0.0016597130681155533,90.2683896103896,0.6471136318300535,0.3125155844155844,0.021356036097767473,0.3697558441558441,0.032866534427325365,0.17755960264900664,0.061843698874725524,12.871677056277056,1.4219860042550994,0.22494458874458872,0.014186173724399023,0.00817835497835498,0.001774887350855008,0.027496969696969693,0.006230139882157675,0.03771558441558441,0.010338670315669414,0.04693593073593073,0.01587890476111539,3.2314272727272733,0.715855851162976,113893,635400,0.8207538558388416
0,bbb_sunflower_2160p_60fps_normal,001,640:360,60,40,1,2,2,2,10,0.9738419913419912,0.001961191612019378,0.3697558441558441,0.032866534427325365,0.9944056277056277,0.0005280097330405873,35.86275497835498,0.3800416901145296,0.9631515151515152,0.0030324885531143276,0.5869558441558441,0.014321204954525301,0.9512125541125541,0.0053592234970771925,0.9773683982683982,0.002821300430467045,0.9874354978354979,0.0016597130681155533,90.2683896103896,0.6471136318300535,0.34478138528138524,0.039137980550239336,0.3697558441558441,0.032866534427325365,0.16820399999999996,0.08429603546211929,12.638990476190477,1.4908785141348382,0.1970311688311688,0.02355936401891443,0.008657142857142858,0.005957438067070556,0.03186233766233767,0.018206785922891773,0.042645887445887445,0.02565780274514978,0.05085627705627706,0.03458703629963792,4.151236363636364,0.7626504898807939,391109,635400,0.38446805162102615
0,bbb_sunflower_2160p_60fps_normal,001,640:360,60,40,1,3,2,2,10,0.9738419913419912,0.001961191612019378,0.3697558441558441,0.032866534427325365,0.9944056277056277,0.0005280097330405873,35.86275497835498,0.3800416901145296,0.9631515151515152,0.0030324885531143276,0.5869558441558441,0.014321204954525301,0.9512125541125541,0.0053592234970771925,0.9773683982683982,0.002821300430467045,0.9874354978354979,0.0016597130681155533,90.2683896103896,0.6471136318300535,0.3298770562770562,0.03077342786563055,0.3697558441558441,0.032866534427325365,0.17898278145695365,0.06335417982694791,12.79904632034632,1.4110781873914902,0.2042891774891775,0.019317518850461252,0.008115151515151516,0.004621206773361341,0.029122510822510824,0.013770993924490731,0.03933679653679654,0.019773501947263232,0.04824329004329004,0.027287524391000042,3.788865800865801,0.8443882644433673,302779,635400,0.523482845451684
0,bbb_sunflower_2160p_60fps_normal,001,640:360,60,40,2,1,2,2,10,0.9738419913419912,0.001961191612019378,0.3697558441558441,0.032866534427325365,0.9944056277056277,0.0005280097330405873,35.86275497835498,0.3800416901145296,0.9631515151515152,0.0030324885531143276,0.5869558441558441,0.014321204954525301,0.9512125541125541,0.0053592234970771925,0.9773683982683982,0.002821300430467045,0.9874354978354979,0.0016597130681155533,90.2683896103896,0.6471136318300535,0.3521419913419913,0.03853024236735192,0.3697558441558441,0.032866534427325365,0.16913402777777778,0.08351828087076274,12.517617748917749,1.52257439360936,0.18469480519480522,0.026904481101323086,0.00892943722943723,0.00994211066446763,0.031841125541125545,0.02361284279400948,0.04266536796536797,0.031362793169733644,0.05149220779220778,0.0408763238569833,4.479174891774892,0.9316340511128407,378288,635400,0.4046458923512748
0,bbb_sunflower_2160p_60fps_normal,001,640:360,60,40,2,2,2,2,10,0.9738419913419912,0.001961191612019378,0.3697558441558441,0.032866534427325365,0.9944056277056277,0.0005280097330405873,35.86275497835498,0.3800416901145296,0.9631515151515152,0.0030324885531143276,0.5869558441558441,0.014321204954525301,0.9512125541125541,0.0053592234970771925,0.9773683982683982,0.002821300430467045,0.9874354978354979,0.0016597130681155533,90.2683896103896,0.6471136318300535,0.33047748917748926,0.026173941816052464,0.3697558441558441,0.032866534427325365,0.17187880794701985,0.06589606929023058,12.772846320346321,1.4519527190984116,0.20516883116883117,0.017117887362590296,0.007972294372294372,0.0042758485981974756,0.028899134199134202,0.011938370697013206,0.03897012987012986,0.017180568383585584,0.04733333333333334,0.02398111696761627,3.819625541125541,0.8414205364307573,247239,635400,0.6108923512747875
0,bbb_sunflower_2160p_60fps_normal,001,640:360,60,40,2,3,2,2,10,0.9738419913419912,0.001961191612019378,0.3697558441558441,0.032866534427325365,0.9944056277056277,0.0005280097330405873,35.86275497835498,0.3800416901145296,0.9631515151515152,0.0030324885531143276,0.5869558441558441,0.014321204954525301,0.9512125541125541,0.0053592234970771925,0.9773683982683982,0.002821300430467045,0.9874354978354979,0.0016597130681155533,90.2683896103896,0.6471136318300535,0.3201878787878788,0.02404631274822075,0.3697558441558441,0.032866534427325365,0.1800153846153846,0.04824662736512451,12.93748051948052,1.3909423000603296,0.2136852813852814,0.014518259860499802,0.007637229437229437,0.0031978252303169136,0.026391774891774893,0.008721511230309245,0.03571255411255412,0.012788063998879988,0.044565800865800864,0.01844474943868377,3.7272112554112553,0.6686090297441201,188084,635400,0.7039911866540762
0,bbb_sunflower_2160p_60fps_normal,001,640:360,60,40,3,1,2,2,10,0.9738419913419912,0.001961191612019378,0.3697558441558441,0.032866534427325365,0.9944056277056277,0.0005280097330405873,35.86275497835498,0.3800416901145296,0.9631515151515152,0.0030324885531143276,0.5869558441558441,0.014321204954525301,0.9512125541125541,0.0053592234970771925,0.9773683982683982,0.002821300430467045,0.9874354978354979,0.0016597130681155533,90.2683896103896,0.6471136318300535,0.33521948051948053,0.03589927711138863,0.3697558441558441,0.032866534427325365,0.16832784810126583,0.06564673346365467,12.669599134199132,1.3905686968628697,0.19837792207792207,0.022395701975330334,0.008513419913419914,0.008958563646096788,0.02956493506493506,0.01883296438995084,0.04002597402597402,0.024174554009270748,0.04937489177489178,0.03091460991127815,3.9776670995671,0.9728081112673957,220354,635400,0.6532042807680201
0,bbb_sunflower_2160p_60fps_normal,001,640:360,60,40,3,2,2,2,10,0.9738419913419912,0.001961191612019378,0.3697558441558441,0.032866534427325365,0.9944056277056277,0.0005280097330405873,35.86275497835498,0.3800416901145296,0.9631515151515152,0.0030324885531143276,0.5869558441558441,0.014321204954525301,0.9512125541125541,0.0053592234970771925,0.9773683982683982,0.002821300430467045,0.9874354978354979,0.0016597130681155533,90.2683896103896,0.6471136318300535,0.31687922077922087,0.027598818520690356,0.3697558441558441,0.032866534427325365,0.1725726708074534,0.050498274707629416,12.801579220779221,1.1659561781985592,0.21592467532467535,0.014321997272461284,0.007840692640692643,0.003663508350093729,0.0268030303030303,0.00882666116371744,0.03631385281385282,0.012276891631629065,0.04518571428571428,0.016969061727173402,3.5562783549783554,0.8335669749878084,132519,635400,0.7914400377714825
0,bbb_sunflower_2160p_60fps_normal,001,640:360,60,40,3,3,2,2,10,0.9738419913419912,0.001961191612019378,0.3697558441558441,0.032866534427325365,0.9944056277056277,0.0005280097330405873,35.86275497835498,0.3800416901145296,0.9631515151515152,0.0030324885531143276,0.5869558441558441,0.014321204954525301,0.9512125541125541,0.0053592234970771925,0.9773683982683982,0.002821300430467045,0.9874354978354979,0.0016597130681155533,90.2683896103896,0.6471136318300535,0.3077519480519481,0.02294421937461227,0.3697558441558441,0.032866534427325365,0.185034,0.04706018826421211,13.011777922077922,1.3307479529056656,0.2195242424242424,0.013593167120225009,0.007599134199134199,0.002977319940775324,0.02542727272727273,0.007580953875343067,0.034770129870129875,0.011089051375922244,0.04463463203463204,0.01624186792423706,3.355903463203463,0.8002997290614187,103415,635400,0.8372442555870319
0,Tears_of_Steel_4k,001,640:360,24,20,1,3,5,2,10,0.9975106194690264,0.0016271887913920338,3.78953185840708,0.83570711913683,0.9986778761061949,0.0003562539506734228,46.45561061946903,0.8015925564109007,0.9955132743362831,0.0007345436417039013,0.9447513274336282,0.018343450149869805,0.9988407079646019,0.0025935922815435676,1.0009079646017698,0.002144142419015471,1.0017991150442476,0.0021137093146891724,99.97492389380531,0.26656266526517663,0.39673716814159293,0.10835459413647584,3.78953185840708,0.83570711913683,0.46449428571428575,0.1382354922340381,12.563603539823008,3.4362897180557885,0.6988185840707964,0.0917302066511515,0.13446902654867257,0.08561564868607134,0.18698672566371682,0.09376067415845132,0.1976141592920354,0.09501554841488599,0.19109911504424779,0.09450811708863123,0.07484159292035399,0.7626692073057887,4029615,5743672,0.2984252930877669
0,Tears_of_Steel_4k,001,640:360,24,20,2,1,5,2,10,0.9975070796460177,0.0016445644676456842,3.78953185840708,0.83570711913683,0.9986796460176992,0.00035359361561872844,46.45362389380531,0.8049237278944881,0.9955141592920353,0.0007376201181402266,0.9447637168141592,0.018427183248953656,0.9988185840707964,0.002593382673561628,1.0008920353982302,0.002136759127783091,1.0017946902654866,0.002116214642264943,99.97492389380531,0.26656266526517663,0.40654070796460173,0.11820990156524849,3.78953185840708,0.83570711913683,0.4629048076923077,0.14248654603822916,12.596346902654869,3.5621244865516997,0.6912973451327434,0.09523292916034966,0.13505929203539824,0.08679988956252041,0.1888433628318584,0.09853512415459686,0.20006637168141594,0.1023457189161704,0.19403097345132744,0.10469898866993997,0.24581592920353987,1.9267845186608539,5433739,5747263,0.05455187973823361
0,Tears_of_Steel_4k,001,640:360,24,20,2,2,5,2,10,0.9975265486725664,0.0016300206889087458,3.78953185840708,0.83570711913683,0.9986805309734513,0.00035753581416004187,46.458312389380524,0.8008399513649873,0.9955141592920352,0.0007387087257792123,0.9448168141592921,0.018365538879412883,0.9988318584070796,0.0025840605327498126,1.0008929203539825,0.00213448374546898,1.001796460176991,0.0021144878307397343,99.97492389380531,0.26656266526517663,0.3920893805309734,0.11400780781754744,3.78953185840708,0.83570711913683,0.46980384615384607,0.13734546120356078,12.589659292035398,3.4780212320841377,0.7026584070796461,0.0898833348267787,0.13525398230088495,0.08580419573844343,0.18786194690265484,0.09468071752567007,0.19853539823008845,0.09657257071419878,0.19215575221238937,0.09700414749790441,0.12589734513274337,1.3383071361972407,3219113,5744181,0.4395871230380798
0,Tears_of_Steel_4k,001,640:360,24,20,2,3,5,2,10,0.9975088495575222,0.0016338253492365169,3.78953185840708,0.83570711913683,0.9986778761061947,0.0003555012842237102,46.45398584070796,0.8042187065792549,0.9955097345132743,0.0007359353380186472,0.9447097345132742,0.018407655456172935,0.9988238938053098,0.0026104622721533958,1.000892920353982,0.0021523955431000615,1.0017973451327433,0.002128692597455702,99.97492389380531,0.26656266526517663,0.38227610619469027,0.10745913365615543,3.78953185840708,0.83570711913683,0.47350096153846155,0.1332038721376542,12.609013274336284,3.430483848070967,0.7072221238938053,0.08751770916150269,0.13383893805309735,0.0845255893561533,0.18544424778761062,0.09138726851198098,0.19601327433628318,0.09169989728186409,0.18964424778761063,0.09005312017483774,0.08136548672566372,0.8649269880179309,2265872,5744030,0.6055257371566652
0,Tears_of_Steel_4k,001,640:360,24,20,3,1,5,2,10,0.9975070796460177,0.0016260555260989731,3.78953185840708,0.83570711913683,0.9986778761061947,0.000357005030295283,46.457572566371674,0.801557973267395,0.9955176991150442,0.0007352392818103913,0.9447884955752212,0.01834981876230267,0.9988079646017699,0.002587681725603338,1.000875221238938,0.0021368171830623683,1.0017823008849558,0.002113402389196127,99.97492389380531,0.26656266526517663,0.40386194690265487,0.11708260615494033,3.78953185840708,0.83570711913683,0.46566153846153846,0.1422588126215172,12.615822123893803,3.498565366682834,0.6932353982300884,0.09404555404577877,0.13462477876106194,0.08659322652800837,0.1878353982300885,0.0963887088826446,0.19906017699115044,0.09897194095498466,0.19331858407079644,0.1000731906698012,0.26358141592920353,1.7799118531318923,4037445,5747229,0.2974971068666309
0,Tears_of_Steel_4k,001,640:360,24,20,3,2,5,2,10,0.9974973451327435,0.0016191631533974088,3.78953185840708,0.83570711913683,0.9986778761061945,0.0003552500410360785,46.45407168141593,0.8015238143094585,0.9955159292035397,0.0007378257599772187,0.9447,0.018363905785923805,0.9988097345132743,0.0026014406929406367,1.0008734513274338,0.002146717498344648,1.0017814159292033,0.0021236150391224042,99.97492389380531,0.26656266526517663,0.39035486725663715,0.107999434515013,3.78953185840708,0.83570711913683,0.4737192307692308,0.13598382619197882,12.613967256637169,3.3893828715417267,0.7023548672566371,0.08972978780677181,0.13404955752212389,0.08527960537873323,0.1859592920353982,0.09259963035753142,0.1968654867256637,0.09326315090139098,0.19112477876106196,0.09212869350123913,0.04258938053097345,0.45273132511829006,2197615,5745493,0.6175062783994341
0,Tears_of_Steel_1080p24,6,640:360,24,40,1,2,2,2,10,0.9918226775956284,0.0024992172889555806,1.3989021857923498,0.6058320864123293,0.9986101092896176,0.00037611057696540517,44.29165355191257,1.2325769411315741,0.9910502732240436,0.0017255493250235728,0.8477874316939892,0.024003569494019546,0.9847166666666668,0.005714410606919569,0.9924590163934427,0.0029854006618977103,0.9956754098360655,0.0017448936761772216,96.73631530054645,0.8695977428962103,0.33134836065573775,0.05528960649476792,1.3989021857923498,0.6058320864123293,0.17187098591549296,0.06728531062469269,13.509554918032789,0.7777921576552398,0.3560071038251366,0.03974475209710615,0.021956284153005462,0.011314960462336637,0.03575327868852459,0.017880021073933657,0.04234153005464481,0.022310700715567906,0.050675409836065576,0.02945256686669353,3.6509923497267756,1.3669399255056212,1895251,1887025,-0.004359242723334322
